id;Movie Title;Movie Genre;Issued;Director;Revenue
1;Daddy and Them;Comedy|Drama;14.11.2007;Briano Andriveau;$90672351.24
2;Mais qui a tuÃ© Pamela Rose?;Comedy;23.08.2000;Salaidh Neenan;$55824522.51
3;Drive Me Crazy;Comedy|Romance;17.01.2007;Ingrim Thrasher;$35214924.15
4;Zorro, the Gay Blade;Comedy;17.11.2019;Rubi Philipps;$54622226.11
5;Cottage, The;Thriller;19.07.2017;Gino Wellard;$88323373.46
6;Blueberry;Adventure|Western;08.02.2008;Osborn Gauler;$78498313.57
7;Break-in;Comedy;13.02.2001;Alric Jahn;$52085279.96
8;Legend of Bigfoot, The;Documentary;25.05.2002;Nelie Moreing;$84362655.49
9;Road, Movie;Comedy|Drama|Fantasy;23.02.2007;Dorette Cushion;$70165661.77
10;Blossoming of Maximo Oliveros, The (Ang pagdadalaga ni Maximo Oliveros);Comedy|Drama;30.07.2013;Ewan Auld;$75927448.19
11;Dark and Stormy Night;Comedy|Mystery;14.06.2010;Zack Illsley;$23948331.43
12;Terkel in Trouble (Terkel i knibe);Animation|Comedy|Drama|Musical;01.07.2006;Darleen Blasiak;$45159355.97
13;Ready to Rumble;Comedy;13.03.2009;Rodolphe McCrie;$73368060.15
14;Solaris;Drama|Romance|Sci-Fi;16.05.2006;Bobinette Von Welden;$22119761.22
15;Gunfighter, The;Action|Comedy|Western;27.07.2013;Shepard Cuddihy;$47518423.11
16;Whirlygirl;Drama|Romance;05.05.2006;Harli Buss;$63129859.66
17;Shit Year;Drama;06.05.2011;Rubi Philipps;$90935941.39
18;Bad Family (Paha Perhe);Comedy|Drama;02.10.2003;Mariya Pleasants;$38247973.11
19;Habana Blues;Drama|Musical;20.04.2019;Dare Espie;$10232453.87
20;Prince of Central Park, The;Action|Adventure|Drama;15.07.2019;Royall Freddi;$1469332.92
21;Lottery, The;Documentary|Drama;10.12.2018;Gabbey Darragon;$50456959.01
22;Ferris Bueller's Day Off;Comedy;24.08.2000;Janine Friedlos;$25895681.47
23;Outlander;Action|Adventure|Sci-Fi;15.03.2003;Pren Davson;$79722214.12
24;Patriotism (YÃ»koku);Drama;05.12.2008;Quintina Knolles-Green;$34942150.34
25;Tin Pan Alley;Drama|Musical|Romance;04.12.2007;Filide Barttrum;$45449071.23
26;The Mark of the Angels - Miserere;Thriller;03.08.2014;Levi Avrahamof;$11516200.99
27;Madman;Horror;28.10.2006;Randy Asch;$97600318.03
28;Sleepless in Seattle;Comedy|Drama|Romance;31.12.2014;Rodolphe McCrie;$24782926.25
29;Seven Little Foys, The;Comedy|Drama;10.12.2009;Caryl Huyche;$657232.42
30;Independencia;Drama;03.04.2015;Sarah Adshead;$55258545.87
31;Stalingrad;Action|Drama|War|IMAX;14.03.2015;Zack Illsley;$38527192.59
32;Steal Big, Steal Little;Comedy;02.03.2013;Tiffanie Barstow;$9143627.95
33;Trekkies;Documentary;13.03.2001;Egan Aspel;$60817441.89
34;Lathe of Heaven;Sci-Fi;27.10.2004;Andras Woolsey;$85872560.97
35;1000 Eyes of Dr. Mabuse, The (Die 1000 Augen des Dr. Mabuse);Crime|Horror|Mystery|Thriller;13.08.2004;Sarah Adshead;$36214274.34
36;Rockabilly Vampire;Comedy|Horror;20.07.2001;Otha Gryglewski;$48155123.17
37;1991: The Year Punk Broke;Documentary;15.11.2017;Dominique Nudd;$47932918.01
38;Stowaway;Adventure|Musical;25.05.2011;Yehudi Lippiello;$83006373.16
39;Endurance: Shackleton's Legendary Antarctic Expedition, The;Documentary;09.12.2015;Magdalena Strotone;$78528026.13
40;Man of No Importance, A;Drama;18.04.2010;Darleen Blasiak;$47388266.54
41;Riddick;Action|Sci-Fi|Thriller|IMAX;03.05.2020;Barnabas Hawkett;$97300852.00
42;Training Day;Crime|Drama|Thriller;28.11.2017;Ianthe Teesdale;$33113586.20
43;Nicholas and Alexandra;Drama|War;13.02.2012;Holmes Sidey;$265557.43
44;Stop! Or My Mom Will Shoot;Action|Comedy;25.11.2017;Nina Agate;$65491176.76
45;Once in a Lifetime: The Extraordinary Story of the New York Cosmos;Documentary;22.06.2004;Alexis Ketteman;$73536320.17
46;Ziegfeld Follies;Comedy|Musical;02.06.2018;Sal Wythill;$16085456.70
47;Old Man and the Sea, The;Drama;08.08.2017;Easter Liffey;$16259479.83
48;Once Upon a Forest;Adventure|Animation|Children|Fantasy;14.04.2016;Elmira Birkin;$32727759.86
49;Wagon Master;Western;06.02.2015;Addie Bees;$30032094.63
50;Eye of the Needle;Thriller;12.02.2005;Vincents Clemont;$96271014.28
51;Leaving (Partir);Drama|Romance;02.11.2010;Barnabas Hawkett;$25044382.56
52;Holy Guests (Ha-Ushpizin);Drama;15.02.2005;Lothaire Prisk;$58175695.08
53;Steppenwolf;Drama;03.05.2016;Cristiano Skyner;$77074268.92
54;Follow That Dream;Comedy|Musical;18.01.2018;Liane Antyshev;$41801404.55
55;Lonely Place to Die, A;Adventure|Crime|Thriller;01.07.2004;Ardisj Rosenbarg;$97495914.99
56;Gaslight;Mystery|Thriller;21.11.2010;Catherine Josefsson;$53394997.82
57;Changing Times (Les temps qui changent);Drama|Romance;25.03.2001;Francesca Ranshaw;$66293582.61
58;Hound of the Baskervilles, The;Comedy|Crime|Mystery;13.04.2013;Yanaton Raylton;$16787632.67
59;Kinjite: Forbidden Subjects;Crime|Thriller;08.08.2002;Sophronia Dunne;$71934827.07
60;Wild Is the Wind;Drama;29.11.2020;Jeane Woehler;$97930655.08
61;Shark Skin Man and Peach Hip Girl (Samehada otoko to momojiri onna);Action|Comedy|Mystery|Thriller;21.07.2008;Francesca Ranshaw;$30753993.57
62;Lady and the Tramp;Animation|Children|Comedy|Romance;04.07.2007;Harli Croydon;$25847007.14
63;Castaway Cowboy, The;Comedy|Western;10.10.2009;Belinda Skates;$57106502.40
64;Boudu Saved From Drowning (Boudu sauvÃ© des eaux);Comedy;16.10.2002;Afton Deroche;$42693922.65
65;Devil in the Flesh;Drama|Romance;16.07.2020;Alisa Charteris;$55727747.14
66;Mother Carey's Chickens;Drama|Romance;09.10.2006;Zaneta Gianilli;$8228412.84
67;Redemption: The Stan Tookie Williams Story;Crime|Documentary|Drama;05.06.2017;Allen Baughn;$107730.77
68;I Am Bruce Lee;Documentary;29.11.2012;Balduin Schmidt;$43422895.25
69;Panic in Needle Park, The;Drama|Romance;27.08.2013;Shirline Yuille;$16353786.94
70;Une Ã©tudiante d'aujourd'hui;Documentary;17.06.2001;Poul Yelland;$38493017.17
71;This Filthy World;Comedy|Documentary;01.02.2002;Emmeline Andrei;$18425550.63
72;Honeymoons;Comedy;08.08.2011;Nickey Wilhelmy;$99974911.51
73;All the Fine Young Cannibals;Drama|Romance;03.04.2013;Thelma Hearty;$21833081.00
74;The Italian Connection;Crime|Drama;05.12.2018;Ruddy Charkham;$17327240.81
75;Why Be Good?;Comedy|Romance;05.12.2006;Ludovika Obal;$12584491.89
76;Two Family House;Drama;29.03.2020;Holmes Sidey;$25780617.49
77;Alice in Wonderland;Children|Fantasy|Sci-Fi;08.11.2014;Lurline Pottery;$75128396.88
78;Morning of the Earth;Documentary;27.01.2005;Heinrick Guitt;$56591219.12
79;You'll Never Get Rich;Comedy|Musical|Romance;15.02.2010;Pren Davson;$98625622.79
80;Pageant;Documentary;17.12.2005;Florella Tomanek;$20099487.25
81;Nothing;Comedy|Fantasy|Mystery|Sci-Fi;14.03.2004;Ludovika Obal;$79337294.40
82;Prince of Foxes;Adventure|Drama;02.07.2010;Faustina Malkinson;$60105675.20
83;Reindeerspotting - Pako joulumaasta;Documentary;30.01.2005;Sibyl Zelland;$85396692.70
84;Advance to the Rear;Comedy|War|Western;25.03.2002;Kandy Gilfillan;$49226850.23
85;Wolf;Drama|Horror|Romance|Thriller;25.11.2016;Gunilla Mateja;$89722622.41
86;No One Knows About Persian Cats (Kasi az gorbehaye irani khabar nadareh);Drama;28.08.2018;Keelby Hosten;$74958459.38
87;Tiger and the Snow, The (La tigre e la neve);Comedy|Drama|Romance|War;17.10.2009;Kirbee Kimmel;$94484371.77
88;From Dusk Till Dawn;Action|Comedy|Horror|Thriller;16.11.2015;Ruddy Charkham;$8636331.35
89;Eddy Duchin Story, The;Drama|Musical|Romance;25.08.2002;Liane Antyshev;$69775223.72
90;Apollo 13;Adventure|Drama|IMAX;13.03.2008;Vincents Clemont;$27821925.69
91;Mujhse Dosti Karoge!;Drama|Romance;21.10.2011;Carma Clapston;$68093524.49
92;Poseidon Adventure, The;Action|Adventure|Drama;16.10.2002;Kirbee Kimmel;$61974835.48
93;Edges of the Lord;Drama|War;23.05.2001;Mark Gannicott;$53077677.42
94;Calamari Union;Comedy;08.06.2018;Brigit Loudiane;$6771087.95
95;The Shooting;Western;19.05.2020;Tymothy Hindsberg;$33384045.48
96;Transformers: Dark of the Moon;Action|Adventure|Sci-Fi|War|IMAX;14.07.2010;Afton Deroche;$54252143.55
97;Amen;Drama|Musical;19.01.2016;Nicholas Duckfield;$88969415.08
98;Figures in a Landscape;Thriller;28.11.2012;Dare Espie;$2549733.72
99;Hellraiser: Hellseeker;Horror;06.01.2019;Salomone Prime;$41501318.12
100;Good Work (Beau travail);Drama;01.11.2003;Val Beri;$86901423.88
101;Under the North Star (TÃ¤Ã¤llÃ¤ PohjantÃ¤hden alla);Drama|Romance|War;26.09.2005;Daphne Hartell;$45005983.56
102;Gold Diggers of 1937;Comedy|Musical|Romance;16.06.2010;Merle McBayne;$91121707.78
103;Road to Singapore;Comedy|Musical;09.02.2013;Ursola Kerr;$64204614.20
104;Ten Minutes Older: The Trumpet;Drama;16.03.2015;Gran Elkington;$28480172.11
105;Private Hell 36;Crime|Drama|Film-Noir;17.04.2005;Quintus Markson;$97255685.26
106;Tank Girl;Action|Comedy|Sci-Fi;03.06.2012;Francesca Ranshaw;$42737637.78
107;Chinese Ghost Story II, A (Sien nui yau wan II yan gaan do);Action|Adventure|Fantasy|Horror|Romance;02.08.2005;Ree Girardet;$38741323.57
108;Joe;Drama;19.04.2013;Merrie Joseph;$39716635.17
109;Ghajini;Action|Romance|Thriller;29.05.2019;Zack Illsley;$96531192.13
110;Dog Tags;Drama|Romance;09.11.2012;Faustina Malkinson;$30866186.69
111;My Family;Drama;10.02.2012;Alisa Charteris;$43796447.98
112;Patriotism (YÃ»koku);Drama;28.11.2014;Randi Crowdson;$96890996.70
113;Kobe Doin' Work;Documentary;19.09.2001;Christyna Ciccottio;$59418923.99
114;Blind Date;Comedy|Romance;05.04.2010;Joanna Skellern;$81390710.47
115;Mars Attacks!;Action|Comedy|Sci-Fi;05.08.2003;Lily Cattroll;$74040215.47
116;Untouchables, The;Action|Crime|Drama;21.02.2015;Aurelie Ankers;$32379413.93
117;Final Cut, The;Sci-Fi|Thriller;28.04.2002;Val Beri;$95009360.61
118;Noordzee, Texas (North Sea Texas);Drama;03.08.2015;Rhoda Russan;$4168895.00
119;Fog, The;Action|Horror|Mystery|Thriller;11.02.2006;Benyamin Stallion;$9525237.56
120;Don Is Dead, The;Action|Crime|Drama|Thriller;24.11.2007;Dare Espie;$12750764.42
121;See You Next Tuesday;Comedy|Drama;03.03.2013;Berry Matiewe;$13778121.49
122;Born to Kill;Crime|Drama|Film-Noir;30.07.2018;Elladine Marley;$17197884.98
123;Godzilla vs. Hedorah (Gojira tai HedorÃ¢) (Godzilla vs. The Smog Monster) ;Horror|Sci-Fi;22.03.2016;Nina Agate;$46117575.09
124;Glass Web, The;Crime|Drama|Film-Noir;05.04.2008;Dare Espie;$97919135.27
125;Mole People, The;Horror|Sci-Fi;23.07.2015;Aleda Slowgrave;$8814254.02
126;Mister Lonely;Comedy|Drama;24.05.2000;Shaina Cicculini;$83261121.44
127;Gung Ho! (Gung Ho!: The Story of Carlson's Makin Island Raiders);Drama|War;04.04.2016;Vincents Clemont;$98085356.38
128;House Hunting;Mystery|Thriller;16.11.2016;Nert Fruchon;$82028082.85
129;How to Meet Girls from a Distance;Comedy;28.11.2001;Elladine Marley;$64546163.92
130;LucrÃ¨ce Borgia;(no genres listed);26.03.2014;Melvyn Manneville;$82662475.06
131;Ten Violent Women;Action|Drama;19.01.2002;Gunilla Mateja;$31805228.15
132;All Good Things;Drama|Mystery|Thriller;07.01.2007;Randi Crowdson;$14348211.52
133;Me, Myself and Mum (Les garÃ§ons et Guillaume, Ã  table!);Comedy;29.05.2020;Elladine Marley;$52617939.09
134;Monster That Challenged the World, The;Horror|Sci-Fi;05.01.2014;Merrie Joseph;$91555232.71
135;Harakiri;Drama;07.11.2012;Clare Farthin;$8655758.17
136;Van Diemen's Land;Drama;26.01.2015;Levi Avrahamof;$85416797.90
137;Seven-Per-Cent Solution, The;Adventure|Comedy|Crime|Drama|Mystery|Thriller;15.01.2014;Kirbee Kimmel;$96807388.22
138;Still of the Night;Mystery|Thriller;06.03.2006;Aldwin Copelli;$13265591.85
139;Pauline dÃ©tective;Comedy;13.03.2013;Elladine Marley;$77682953.29
140;Everyone's Hero;Adventure|Animation|Children|Comedy;29.08.2004;Shelby Arnaudin;$21382554.18
141;Dead of Winter;Horror|Thriller;24.06.2013;Ileane Madrell;$26751001.02
142;Mei and the Kittenbus;Animation|Fantasy;13.11.2004;Tabatha Broun;$88484169.96
143;WNUF Halloween Special;Comedy|Horror;07.09.2015;Dominique Nudd;$80476861.81
144;Copper Mountain;Comedy|Musical;30.01.2008;Sondra Roberts;$92444266.53
145;1;Sci-Fi|Thriller;24.11.2020;Liane Antyshev;$96587685.87
146;Felix the Cat: The Movie;Adventure|Animation|Children|Fantasy|Musical|Sci-Fi;25.09.2009;Emelda Frise;$24035037.21
147;La Bande du drugstore;Drama|Romance;13.02.2017;Sibyl Zelland;$44653599.71
148;Welcome to Sherwood! The Story of 'The Adventures of Robin Hood';Documentary;29.08.2005;Guthrie Troutbeck;$51414489.63
149;Looking for Hortense (Cherchez Hortense) ;Drama;11.04.2002;Matt Lonsbrough;$36538746.26
150;Tyler Perry's Why Did I Get Married?;Comedy|Drama;18.07.2017;Constantia Retallick;$11349389.93
151;Iceman;Action|Comedy|Sci-Fi;03.02.2000;Phillipe Augar;$54314011.00
152;Where the Rivers Flow North;Drama;17.02.2019;Edie Larrett;$14731934.65
153;Crime of Monsieur Lange, The (Le crime de Monsieur Lange);Comedy|Crime|Drama;01.07.2003;Merrie Joseph;$9407991.11
154;Starship Invasions;Sci-Fi;24.08.2011;Quinta Keepe;$64679013.35
155;Lovesick;Comedy|Fantasy|Romance;09.08.2011;Jenn Whatling;$9642596.23
156;What Men Talk About;Comedy;26.08.2006;Trula Wills;$86596052.63
157;Angele;Drama;08.08.2016;Aretha Rapp;$91562586.98
158;C.S.A.: The Confederate States of America;Comedy|Drama;11.07.2006;Alexis Ketteman;$19511650.98
159;Ranma Â½: Big Trouble in Nekonron, China (Ranma Â½: ChÃ»goku Nekonron daikessen! Okite yaburi no gekitÃ´ hen);Animation|Comedy;28.10.2010;Briano Andriveau;$96513721.20
160;Last Horror Movie, The;Horror|Thriller;29.10.2006;Jeane Woehler;$49307947.57
161;Crawlspace;Horror|Thriller;03.11.2009;Aretha Rapp;$78101690.82
162;Richard III;Drama|War;11.03.2009;Ladonna Slograve;$49103122.92
163;Deception;Drama|Film-Noir|Thriller;17.08.2017;Mariya Pleasants;$49639712.31
164;Island at the Top of the World, The;Action|Adventure|Children;08.05.2011;Dana Bacher;$52726238.49
165;New York Minute;Action|Adventure|Comedy;06.03.2012;Shaina Cicculini;$14236122.08
166;Agora;Adventure|Drama|Romance;19.03.2003;Keelby Hosten;$48802231.85
167;Bitter Feast;Comedy|Horror|Thriller;22.01.2003;Elmira Birkin;$4812975.83
168;Haider;Crime|Drama|Romance;02.02.2019;Jerrie Scamerden;$40222528.95
169;To Wong Foo, Thanks for Everything! Julie Newmar;Comedy;08.07.2016;Val Beri;$54079105.50
170;Leo's Room (Cuarto de Leo, El);Drama;05.06.2000;Marlie Pietzker;$95398377.39
171;Shinobi No Mono 2: Vengeance (Zoku shinobi no mono);Action|Drama;04.09.2004;Ludovika Obal;$11603844.71
172;Alamo Bay;Action|Drama|Romance;27.12.2008;Dorolisa Spere;$74558998.43
173;Beach Boys: An American Family, The;Documentary|Drama;30.11.2013;Kirbee Kimmel;$77921783.32
174;Barbarosa;Western;07.09.2014;Melvyn Manneville;$77395728.04
175;Rough House, The;Comedy;17.11.2015;Sal Wythill;$18313332.73
176;Rugrats in Paris: The Movie;Animation|Children|Comedy;12.02.2003;Lida Barthelme;$55086791.12
177;The Sign of Four: Sherlock Holmes' Greatest Case;Mystery;09.12.2011;Adams Guntrip;$24282400.20
178;Cure;Crime|Horror|Thriller;16.10.2004;Lida Barthelme;$1212481.76
179;Sharknado 2: The Second One;Horror|Sci-Fi|Thriller;16.05.2001;Rivkah D'Antonio;$66827315.05
180;Welcome to Dongmakgol;Comedy|Drama|War;08.11.2006;Merrie Joseph;$57105010.87
181;Carpenter, The;Horror|Thriller;29.11.2014;Carma Clapston;$46053480.20
182;Born to Dance;Comedy|Musical;03.02.2018;Randy Asch;$56140868.45
183;The Fearless Four;(no genres listed);11.09.2000;Silvano Michelin;$28267431.61
184;Dust to Glory;Action|Adventure|Documentary;24.05.2006;Benjie O'Flaherty;$86980155.79
185;Flakes;Comedy;24.09.2010;Dorolisa Spere;$5828990.55
186;Pope's Toilet, The (El bano del Papa);Drama;11.02.2019;Nickey Wilhelmy;$27675890.06
187;I Accuse!;Drama;07.04.2004;Sibyl Zelland;$89625236.43
188;Birdy;Drama|War;27.06.2017;Dare Espie;$7167637.90
189;The Little Polar Bear: Lars and the Little Tiger;Animation|Children;07.11.2019;Germayne Cullingford;$62404911.06
190;The Brain;Comedy|Crime;07.05.2004;Gloriana Espadero;$25076695.11
191;Game of Death;Action|Adventure|Thriller;26.02.2011;Gran Elkington;$8684641.23
192;Reflecting Skin, The;Drama|Horror|Thriller;09.01.2018;Kirbee Kimmel;$912476.89
193;Yankee Doodle Dandy;Drama|Musical;05.07.2011;Balduin Schmidt;$92748463.18
194;Bringing Up Bobby;Comedy;09.12.2010;Nate Pley;$2883432.50
195;Down in the Valley;Drama|Romance;23.06.2001;Gabbey Darragon;$59424971.52
196;Two Mules for Sister Sara;Comedy|War|Western;25.06.2011;Pauly Aizik;$11091919.78
197;Coluche, l'histoire d'un mec;Drama;20.01.2008;Caryl Huyche;$76965687.95
198;Dark Corner, The;Crime|Drama|Film-Noir;31.07.2012;Jerrylee Moncrieffe;$23098478.88
199;Meltdown (Shu dan long wei);Action|Comedy|Crime;06.07.2020;Dorey Normanell;$48075289.34
200;Fistful of Fingers, A;Comedy|Western;30.06.2018;Bobinette Von Welden;$40692468.78
201;Bride Came C.O.D., The;Comedy|Romance;14.11.2006;Holmes Sidey;$56053609.10
202;Believers, The;Horror|Thriller;27.08.2012;Rafferty Dugmore;$4206921.79
203;Jack and the Beanstalk;Children|Comedy|Fantasy;18.01.2004;Anya Leate;$49901921.74
204;Hiding Out;Comedy;19.12.2004;Nina Agate;$74783557.82
205;Have Rocket, Will Travel;Comedy|Sci-Fi;07.11.2008;Nikolos McPhail;$99464656.44
206;If These Walls Could Talk;Drama;23.12.2016;Flori Valentin;$31717718.43
207;Before the Rains;Drama|Romance|Thriller;01.10.2019;Catherine Josefsson;$60661186.31
208;Legend of the Guardians: The Owls of Ga'Hoole;Adventure|Animation|Fantasy|IMAX;22.11.2015;Lucine Pargeter;$27080770.19
209;Man, Woman and the Wall (Kikareta onna no mirareta yoru);Drama|Romance|Thriller;12.07.2010;Zack Illsley;$62739931.28
210;Romance of Astrea and Celadon, The (Les amours d'AstrÃ©e et de CÃ©ladon);Drama|Romance;18.06.2015;Palmer Grestie;$43472100.45
211;Queen Margot (Reine Margot, La);Drama|Romance;04.06.2011;Faustina Malkinson;$44768975.79
212;Smell of Camphor, Fragrance of Jasmine (Booye kafoor, atre yas);Drama;07.10.2010;Devina Challice;$61816471.67
213;Silence Before Bach, The (Die Stille vor Bach) ;Musical;20.02.2002;Ludovika Obal;$28484316.68
214;Â¡Alambrista! (Illegal, The);Drama;22.08.2013;Nerte Elgy;$51493756.83
215;Cannery Row;Drama;09.03.2012;Zacherie Lindro;$56167316.79
216;Nines, The;Drama|Mystery;05.08.2015;Ruddy Charkham;$13994029.08
217;Waiting Room (Bekleme odasi);Drama;13.01.2014;Nate Pley;$6686677.39
218;Twogether;Comedy|Drama;18.01.2001;Yanaton Raylton;$18333216.67
219;She Wore a Yellow Ribbon;Western;17.05.2019;Rhoda Russan;$64805552.32
220;Hardcover;Comedy;02.02.2002;Pavia Brasner;$23930692.57
221;Prey, The (La proie);Action|Crime|Thriller;04.09.2010;Pavia Brasner;$6985196.26
222;Black White + Gray: A Portrait of Sam Wagstaff and Robert Mapplethorpe ;Documentary;21.10.2016;Jere Hastelow;$55530120.00
223;Comedy of Terrors, The;Comedy|Horror;17.01.2007;Randy Asch;$89179831.90
224;Treasure Hunter, The (Ci ling);Action|Adventure|Fantasy|Romance|Sci-Fi;16.09.2005;Jerry Ianno;$48863268.93
225;Mirage Men;Documentary;06.03.2015;Joanna Skellern;$48197736.88
226;Sesame Street Presents Follow That Bird;Children|Comedy;21.12.2015;Nalani Wyness;$94907709.91
227;Whole Ten Yards, The;Action|Comedy|Crime;29.07.2002;Tabbie Handslip;$33906203.49
228;Any Number Can Play;Drama;04.12.2013;Cal Findlay;$26141726.19
229;The ABCs of Death 2;Comedy|Horror;25.08.2000;Dela Drysdell;$25969799.07
230;Under the Boardwalk: The Monopoly Story;Documentary;14.01.2019;Sal Wythill;$47584946.01
231;Metro;Action|Comedy|Crime|Drama|Thriller;30.06.2004;Nerte Elgy;$86838344.50
232;Core, The;Action|Drama|Sci-Fi|Thriller;28.12.2011;Alisa Charteris;$58491996.50
233;Side by Side;Documentary;07.12.2013;Silvano Michelin;$48344271.18
234;Employee of the Month;Comedy;28.03.2001;Dore Luckman;$58263395.10
235;Getaway, The;Action|Crime|Drama|Thriller;15.10.2001;Caryl Huyche;$97944690.43
236;Thieves by Law (Ganavim Ba Hok);Documentary;27.06.2017;Daphne Hartell;$72331249.89
237;Street Fighter: The Legend of Chun-Li;Action|Adventure|Sci-Fi|Thriller;23.03.2015;Sapphira Lambarth;$54606623.99
238;Joan of Arc;Adventure|Drama;30.10.2002;Whittaker McEntee;$9451280.21
239;High and Dry;Comedy;04.05.2006;Bette Sarson;$77017569.15
240;Beyond Hypothermia (Sip si 32 doe);Action|Drama|Thriller;11.11.2003;Shelby Arnaudin;$22956281.62
241;Powwow Highway;Drama;31.12.2003;Lothaire Prisk;$18297093.35
242;Father of Invention;Comedy|Drama;28.08.2007;Joanna Skellern;$15522100.52
243;Hot Millions;Comedy|Crime;04.07.2010;Sibyl Zelland;$63825892.37
244;Returner (Ritaanaa);Action|Adventure|Sci-Fi;01.05.2006;Afton Deroche;$30866635.44
245;Basket Case 2;Comedy|Horror;12.09.2013;Tiffanie Barstow;$62087804.51
246;Living on One Dollar;Adventure|Documentary|Drama;05.01.2020;Hew Thon;$42125560.31
247;David and Lisa;Drama;01.03.2003;Ursola Kerr;$45871411.79
248;Light Years (Gandahar);Adventure|Animation|Fantasy|Sci-Fi;04.04.2016;Ree Girardet;$83863408.67
249;Thy Womb (Sinapupunan);Drama;27.01.2003;Marlie Pietzker;$27857527.98
250;Trip, The;Comedy|Drama|Romance;18.10.2013;Andie Snalum;$26217846.98
251;Airplane II: The Sequel;Comedy;29.12.2009;Kandy Gilfillan;$42858566.95
252;Concert for George, The;Documentary|Musical;04.03.2007;Rosabelle Deniscke;$20763934.15
253;Someone Else's America;Drama;17.06.2019;Selma Pelfer;$33036540.91
254;National Theatre Live: Frankenstein;Drama|Fantasy;28.03.2007;Ursola Kerr;$98732933.32
255;Son in Law;Comedy|Drama|Romance;20.01.2009;Osborn Gauler;$75852953.60
256;Warlock;Romance|Western;04.01.2015;Godart Linnitt;$8059012.64
257;Peking Opera Blues (Do ma daan);Action|Comedy;25.07.2007;Imogen Yu;$6542859.82
258;Mondo Hollywood;Documentary;07.12.2006;Quintus Markson;$68503450.60
259;Bridge Too Far, A;Action|Drama|War;02.12.2008;Harli Croydon;$40429951.20
260;Electric House, The;Comedy;21.10.2015;Alisa Charteris;$57250716.10
261;Westerner, The;Western;23.01.2012;Gustave Guice;$30345735.22
262;Major League;Comedy;29.08.2007;Merrie Joseph;$81057510.76
263;Predictions of Fire (Prerokbe Ognja);Documentary;15.12.2006;Easter Liffey;$26172626.94
264;Turn the River;Drama;05.10.2012;Selma Pelfer;$83504211.02
265;Afterschool;Drama;29.10.2001;Magdalena Strotone;$96743133.52
266;The Bone Snatcher;Horror|Sci-Fi;20.07.2017;Kandy Gilfillan;$53648826.15
267;JFK: The Smoking Gun;Documentary;24.12.2005;Guinevere Orton;$42816830.08
268;Elizabethtown;Comedy|Drama|Romance;24.08.2014;Benyamin Stallion;$3816663.81
269;Funky Forest: The First Contact;Comedy;18.07.2004;Dare Espie;$80561316.50
270;Asterix in Britain (AstÃ©rix chez les Bretons);Adventure|Animation|Children|Comedy;03.11.2000;Susie Oby;$85341139.26
271;Tequila Sunrise;Action|Drama|Romance|Thriller;11.11.2001;Lida Barthelme;$34113063.31
272;This Is the Night;Comedy;12.06.2011;Lucine Pargeter;$11918017.83
273;Days and Nights in the Forest (Aranyer Din Ratri);Drama;02.04.2004;Emelda Frise;$1710389.96
274;Agony and the Ecstasy, The;Drama;27.01.2009;Shaina Cicculini;$35793705.04
275;Paternity;Comedy|Romance;26.10.2008;Royall Freddi;$681684.26
276;Two Mules for Sister Sara;Comedy|War|Western;10.12.2011;Jerrylee Moncrieffe;$1200944.63
277;Brown Sugar;Romance;26.04.2020;Jerrie Scamerden;$28650768.28
278;Hit Man;Crime|Drama;15.05.2012;Zacherie Lindro;$73628644.61
279;Legend of Bigfoot, The;Documentary;28.08.2018;Anya Leate;$88387708.96
280;Sword of the Stranger (Sutorejia: MukÃ´ hadan);Action|Adventure|Animation;20.09.2011;Jerrie Scamerden;$14926061.05
281;Idolmaker, The;Drama;30.11.2000;Wilma McCullen;$3047157.81
282;Red River;Action|Adventure|Western;31.03.2011;Andras Woolsey;$49618625.24
283;Woman That Dreamed About a Man, The (Kvinden der drÃ¸mte om en mand);Drama;14.04.2006;Trula Wills;$35622986.74
284;New Country, The (Det nya landet);Comedy|Drama;03.04.2003;Godart Linnitt;$32489439.88
285;3096 Days;Drama;13.06.2019;Cristiano Skyner;$71465791.63
286;Howl;Drama;26.03.2005;Trula Wills;$75342479.66
287;Last of Sheila, The;Crime|Mystery|Thriller;08.02.2011;Lily Cattroll;$22616393.49
288;Competition, The;Drama|Romance;06.07.2007;Constantia Retallick;$60212181.32
289;Gosford Park;Comedy|Drama|Mystery;18.02.2019;Merle McBayne;$25415254.01
290;Out of Nature;(no genres listed);18.10.2002;Dare Espie;$75896505.40
291;Pinochet Case, The (Cas Pinochet, Le);Documentary;24.02.2018;Rem Jacquemy;$89268771.46
292;Design for Living;Comedy|Romance;26.05.2001;Zaneta Gianilli;$46480221.72
293;Charlie Chan in Rio;Comedy|Crime|Mystery|Thriller;08.01.2009;Benyamin Stallion;$88501445.02
294;Rainmaker, The;Drama;06.11.2010;Francisca Rowler;$43735430.91
295;28 Hotel Rooms;Drama;09.12.2005;Andras Woolsey;$70909387.08
296;Yes Men Fix the World, The;Documentary;04.10.2007;Cart Kernes;$55371145.75
297;Funeral Parade of Roses (Bara no sÃ´retsu);Drama;05.02.2015;Guthrie Troutbeck;$12476506.86
298;Only Angels Have Wings;Adventure|Drama|Romance;17.03.2014;Nalani Wyness;$56013099.16
299;Alien Contamination;Action|Horror|Sci-Fi;22.07.2009;Tabbie Handslip;$54458951.21
300;I Want to Live!;Crime|Drama;18.05.2013;Gran Elkington;$42302045.69
301;Slugger's Wife, The;Comedy|Romance;04.09.2004;Kirbee Kimmel;$90457520.15
302;Whoregasm;(no genres listed);14.11.2005;Thurston Strank;$56565696.55
303;Charm's Incidents (Charms ZwischenfÃ¤lle);Drama;02.06.2005;Thurston Strank;$97012328.90
304;Louise-Michel;Comedy;21.08.2018;Kayley Perot;$79639874.94
305;Husbands and Wives;Comedy|Drama;14.06.2006;Earle Burgott;$71477690.66
306;Dark Lurking, The;Action|Horror|Sci-Fi;25.09.2015;Christiano Ransom;$35574354.55
307;Murders in the Rue Morgue;Crime|Horror|Mystery;08.02.2002;Jeannette Gatlin;$69562485.08
308;Monitors, The;Comedy|Sci-Fi;28.11.2000;Ivy Belison;$56330237.89
309;Soul Assassin;Action|Crime|Thriller;29.02.2016;Gloriana Espadero;$63030953.23
310;Memorial Day;Action|Drama|War;19.08.2014;Izzy McPike;$3709528.44
311;Bukowski: Born into This;Documentary;19.01.2002;Egan Aspel;$72933399.11
312;Late Marriage (Hatuna Meuheret);Comedy|Drama|Romance;11.05.2016;Ramsey Gummary;$7735249.60
313;Doc of the Dead;Documentary;23.11.2000;Lida Barthelme;$51654100.76
314;Persona;Drama;28.02.2018;Harli Buss;$96545769.70
315;Dead Silence;Horror|Mystery|Thriller;24.08.2017;Dorolisa Spere;$21364235.19
316;Seal Team Eight: Behind Enemy Lines;Action|Drama|War;06.09.2011;Ara Arnke;$24987411.56
317;Boiling Point (3-4 x jÃ»gatsu);Action|Comedy|Crime;24.09.2002;Merv Guerner;$44107369.13
318;Shock to the System, A;Comedy|Crime|Thriller;09.05.2020;Nicholas Duckfield;$72741071.34
319;Home for the Holidays;Drama;23.05.2006;Dorette Cushion;$91950000.29
320;Ce que mes yeux ont vu;Drama|Mystery|Thriller;19.11.2020;Cherilyn Iskowitz;$82469750.23
321;Stephen Fry In America - New World;(no genres listed);24.10.2005;Mariya Pleasants;$47927770.08
322;Firehouse Dog;Action|Comedy;17.08.2002;Kandy Gilfillan;$99579025.15
323;Those Awful Hats;Comedy;09.06.2013;Gino Wellard;$77989242.58
324;Greed;Drama;28.03.2003;Nerte Elgy;$44769583.00
325;Death of a Salesman;Drama;02.01.2017;Nerty Andreassen;$12906397.89
326;Dark Crystal, The;Adventure|Fantasy;30.12.2006;Ursola Kerr;$70955334.75
327;Soft Shell Man (Un crabe dans la tÃªte);Drama|Romance;14.05.2001;Merle McBayne;$4360245.56
328;Vicious Kind, The;Comedy|Drama;02.06.2008;Izzy McPike;$88359589.34
329;Against All Odds;Romance;13.07.2003;Salomone Prime;$27184830.96
330;Dead of Night;Horror|Mystery;23.01.2007;Zack Illsley;$51519915.39
331;Sesame Street Presents Follow That Bird;Children|Comedy;27.01.2008;Mariya Pleasants;$61199650.23
332;Decline of the American Empire, The (DÃ©clin de l'empire amÃ©ricain, Le);Comedy|Drama;21.11.2001;Aretha Rapp;$14871400.40
333;Deadgirl;Horror;19.07.2013;Alric Jahn;$29372238.97
334;Out at the Wedding;Comedy|Romance;30.05.2011;Whitney Adolfsen;$19274756.73
335;The Car;Horror|Mystery|Thriller;20.10.2006;Ree Girardet;$9733829.76
336;Very Natural Thing, A;Drama;21.06.2019;Gran Elkington;$51020674.17
337;It Might Get Loud;Documentary;16.04.2013;Gran Elkington;$20837753.61
338;Thunderbolt and Lightfoot;Action;15.11.2006;Ree Girardet;$19879962.83
339;Five Minutes to Live;Crime|Drama|Thriller;01.12.2017;Izzy McPike;$23446915.24
340;Locked Out (EnfermÃ©s dehors);Comedy;09.02.2008;Ewan Auld;$10922055.95
341;Zero Tolerance (Noll tolerans);Action|Crime|Thriller;20.04.2005;Osborn Gauler;$34351531.45
342;Spaced Invaders;Adventure|Comedy|Sci-Fi;07.10.2002;Sophronia Dunne;$89197099.73
343;Kounterfeit;Action|Crime|Thriller;30.07.2002;Rodolphe McCrie;$94520736.97
344;Shadowlands;Drama|Romance;11.12.2009;Phillipe Augar;$79053953.33
345;Passion of the Christ, The;Drama;10.12.2020;Tymothy Hindsberg;$46737153.26
346;The Party;Drama;31.01.2004;Biddy Hanvey;$66364114.48
347;The Chase;Crime|Drama|Thriller;27.01.2000;Ludovika Obal;$15358085.13
348;Disappeared, The;Horror;24.07.2012;Germayne Cullingford;$87125962.81
349;Hangtime - Kein leichtes Spiel;Drama;02.07.2018;Carly Lynd;$90285720.34
350;Hit and Run (Hit & Run);Action|Comedy|Romance;10.04.2000;Jerrie Scamerden;$36499954.49
351;3:10 to Yuma;Action|Crime|Drama|Western;16.11.2011;Ladonna Slograve;$1710056.92
352;Woman Who Wasn't There, The;Documentary;15.06.2020;Mendel Hawk;$14243828.32
353;Great Escape, The;Action|Adventure|Drama|War;28.10.2007;Nicholas Duckfield;$12173885.13
354;Judgement in Stone, A (CÃ©rÃ©monie, La);Drama;31.01.2013;Mariya Pleasants;$10578846.11
355;Born to Be Bad;Drama|Romance;20.11.2015;Lurline Pottery;$84715826.64
356;Everybody's Fine (Stanno tutti bene);Comedy|Drama;13.11.2002;Preston Metts;$76082381.05
357;The Disappearance of Eleanor Rigby: Her;Drama;27.04.2003;Whitney Adolfsen;$21404408.42
358;Secret Life of Zoey, The;Drama;08.08.2014;Levi Avrahamof;$42350321.97
359;Family Jewels, The (Eierdiebe);Comedy|Drama|Romance;04.02.2006;Pauly Aizik;$86177116.79
360;L.A. Zombie;Horror;14.10.2000;Pavia Brasner;$50977573.67
361;Everything Must Go;Comedy|Drama;15.08.2011;Keelby Hosten;$11963470.20
362;Life Without Dick;Comedy|Crime|Romance;18.03.2006;Addie Bees;$66600003.91
363;HÃ´tel du Nord;Drama;18.10.2003;Cal Findlay;$88535253.93
364;Every Other Week (Varannan vecka);Comedy|Drama|Romance;31.08.2005;Rivkah D'Antonio;$46607407.59
365;Mitchell;Action|Crime;28.03.2008;Mendel Hawk;$15873714.92
366;Fabled;Drama|Mystery|Thriller;31.10.2011;Quintina Knolles-Green;$75943238.81
367;The Heart Machine;Drama|Thriller;23.10.2017;Andras Woolsey;$91417954.76
368;Exam;Mystery|Thriller;15.03.2001;Elladine Marley;$75423704.85
369;The Roots of Heaven;Adventure|Drama;31.05.2009;Mable Lapides;$1713946.74
370;Ingmar Bergman Makes a Movie (Ingmar Bergman gÃ¶r en film);Documentary;19.09.2018;Selma Pelfer;$62685860.79
371;Corsican File, The (L'enquÃªte corse);Action|Comedy|Crime;27.01.2019;Ree Girardet;$35386532.15
372;The Haunting of Helena;Horror|Thriller;30.01.2007;Harli Croydon;$64274816.18
373;Neighbors;Comedy;10.01.2002;Rhoda Russan;$22374528.95
374;To Grandmother's House We Go;Adventure|Children|Comedy;29.03.2018;Jerry Ianno;$76728279.34
375;Number 23, The;Drama|Mystery|Thriller;18.04.2017;Randi Crowdson;$70101799.83
376;Attila (Attila the Hun);Action|Adventure|Drama|War;07.05.2020;Director;$13171307.99
377;Boogeyman, The;Horror;06.06.2012;Silvano Michelin;$81126370.23
378;Thin Man, The;Comedy|Crime;04.06.2015;Addie Bees;$57540849.25
379;Young Bess;Drama|Romance;29.11.2017;Harli Buss;$96640473.63
380;Onmyoji (Onmyoji: The Yin Yang Master);Action|Drama|Fantasy|Horror;02.05.2004;Kalinda Bruinsma;$17266377.55
381;Team America: World Police;Action|Adventure|Animation|Comedy;08.03.2019;Kristien Batrip;$86369863.19
382;Taken;Action|Crime|Drama|Thriller;20.04.2000;Tymothy Hindsberg;$45489706.38
383;Red and the White, The (Csillagosok, katonÃ¡k);Drama|War;15.11.2017;Nickey Wilhelmy;$69228729.71
384;Brideshead Revisited;Drama;28.02.2015;Tiffanie Barstow;$73143896.62
385;Bugsy Malone;Children|Comedy|Crime|Musical;04.11.2014;Ramsey Gummary;$2687461.54
386;I Was a Male War Bride;Comedy|Romance;24.03.2005;Nina Agate;$21473165.06
387;Into the Arms of Strangers: Stories of the Kindertransport;Documentary;26.12.2015;Constantia Retallick;$19087791.45
388;Attack Force;Action|Horror|Sci-Fi;28.06.2004;Dorey Normanell;$26479680.12
389;Lowlands (Tiefland);Drama;20.11.2016;Liane Antyshev;$45988920.74
390;Intermezzo;Drama|Romance;12.04.2019;Jeannette Gatlin;$33015580.10
391;Evil Dead;Horror;02.03.2014;Cristiano Skyner;$92940228.77
392;Everything;Drama|Mystery;22.12.2007;Lida Barthelme;$65154198.93
393;Goyokin;Action|Drama;06.03.2005;Jeannette Gatlin;$68674430.05
394;Mr. Magoo;Comedy;11.08.2014;Lida Barthelme;$57710176.48
395;Tale of the Wind, A (Histoire de vent, Une);Documentary;03.11.2005;Benyamin Stallion;$21535389.08
396;Good Heart, The;Drama;10.03.2015;Edie Larrett;$86577412.79
397;Creepshow 3;Horror;08.05.2016;Randi Crowdson;$34892168.12
398;Hollywood Sex Wars;Comedy;27.04.2009;Imogen Yu;$40403192.68
399;Peter's Friends;Comedy|Drama;15.05.2014;Barnabas Hawkett;$20767305.69
400;The Great Spy Chase;Action|Comedy|Thriller;21.03.2007;Osborn Gauler;$12976625.36
401;22 Jump Street;Action|Comedy|Crime;17.01.2008;Ree Girardet;$2761446.54
402;Newburgh Sting, The;Documentary;25.05.2014;Quintina Knolles-Green;$72616585.86
403;Pusher;Crime|Drama;12.12.2002;Bette Sarson;$20548072.47
404;Curse of the Jade Scorpion, The;Comedy;01.06.2017;Lida Barthelme;$56479924.96
405;In Praise of Love (Ã‰loge de l'amour);Drama;11.10.2010;Nina Agate;$18742331.76
406;Dreams on Spec;Documentary;16.04.2014;Marlie Pietzker;$77501246.09
407;See No Evil;Crime|Drama|Horror|Thriller;23.03.2004;Celestine Simmill;$5431736.52
408;Monsieur Lazhar;Children|Comedy|Drama;19.03.2000;Nelie Moreing;$6415110.86
409;You Can't Win 'Em All;Adventure|Comedy|War;18.01.2017;Berry Matiewe;$28455826.86
410;Barbie: A Perfect Christmas;Animation|Children;25.04.2011;Lothaire Prisk;$19136805.92
411;Bella;Drama|Romance;17.08.2015;Jerry Ianno;$81708432.56
412;Santa Who?;Comedy|Fantasy;31.07.2019;Alisa Charteris;$71622079.00
413;Advantageous;Children|Drama|Sci-Fi;05.08.2014;Lucine Pargeter;$33212554.61
414;Borgman;Thriller;10.03.2004;Myra Dufaire;$25364347.87
415;Cowspiracy: The Sustainability Secret;Adventure|Comedy|Documentary|Mystery;01.09.2007;Dorey Normanell;$12796392.49
416;Not Your Typical Bigfoot Movie;Documentary;29.03.2014;Tiffanie Barstow;$87581902.51
417;He's Just Not That Into You;Comedy|Drama|Romance;21.11.2007;Dominique Nudd;$1481930.73
418;Enid Is Sleeping;Comedy;25.06.2007;Emelda Frise;$73939120.99
419;Russian Ark (Russkiy Kovcheg);Drama|Fantasy|War;06.07.2000;Sal Wythill;$5408855.05
420;Christmas with the Kranks;Children|Comedy;20.06.2010;Sibyl Zelland;$82538103.73
421;Cheri;Romance;26.11.2013;Quintus Markson;$61691492.41
422;Summertime;Comedy;27.04.2019;Daphne Hartell;$61726492.82
423;Long Absence, The (Une aussi longue absence);Drama;29.09.2012;Melvyn Manneville;$19232720.78
424;Love Before Breakfast;Comedy|Romance;05.01.2012;Heinrick Guitt;$28999608.27
425;Lila & Eve;Drama|Thriller;14.06.2010;Trula Wills;$99194809.34
426;Devil in a Blue Dress;Crime|Film-Noir|Mystery|Thriller;28.12.2001;Izzy McPike;$52404967.87
427;Frankenstein Must Be Destroyed;Drama|Horror|Sci-Fi;18.09.2002;Godart Linnitt;$89247690.46
428;And God Created Woman (Et Dieu... crÃ©a la femme);Drama;22.05.2004;Briano Andriveau;$51656144.08
429;Minority Report;Action|Crime|Mystery|Sci-Fi|Thriller;16.07.2017;Ara Arnke;$26672625.36
430;King Ralph;Comedy;09.06.2012;Catherine Josefsson;$84445474.56
431;Hello Herman;Drama;27.01.2016;Ingrim Thrasher;$90382220.14
432;Unaccompanied Minors;Children|Comedy;08.09.2012;Sarah Adshead;$50681180.59
433;My Afternoons with Margueritte (La tÃªte en friche);Comedy;01.03.2000;Alisa Charteris;$72105551.01
434;Liberty Heights;Drama;11.12.2020;Yanaton Raylton;$81885167.53
435;Between Strangers;Drama;11.01.2011;Salaidh Neenan;$73961056.69
436;Criss Cross;Crime|Drama|Film-Noir;06.04.2008;Ninnette Halsted;$50775927.30
437;The Grump;Comedy;23.09.2008;Whitney Adolfsen;$55196889.43
438;Blow-Up (Blowup);Drama|Mystery;29.06.2001;Palmer Grestie;$64812568.72
439;Chantilly Lace;Drama;01.05.2011;Germayne Cullingford;$90421202.50
440;Rocks in my Pockets;Animation|Comedy|Drama;29.05.2018;Donn Grayland;$7535409.41
441;Angry Silence, The;Drama;04.01.2019;Andras Woolsey;$44293146.49
442;Charlie Chan's Chance;Mystery;16.11.2004;Guinevere Orton;$75526403.59
443;Team America: World Police;Action|Adventure|Animation|Comedy;26.05.2018;Jerrylee Moncrieffe;$21460486.02
444;Sex & Drugs & Rock & Roll;Comedy|Drama;09.12.2003;Nicholas Duckfield;$50214036.47
445;Old Boy;Mystery|Thriller;04.05.2000;Earle Burgott;$33516215.27
446;Butcher Boys (Bone Boys);Action|Comedy|Horror|Thriller;24.09.2014;Berry Matiewe;$763258.29
447;Landscape Suicide;Crime|Drama;19.11.2018;Zacherie Lindro;$79245067.80
448;Being Julia;Comedy|Drama;10.02.2017;Constantia Retallick;$51645674.78
449;Dark Angel: Ascent, The;Horror|Romance;10.09.2005;Royall Freddi;$24307376.60
450;Inquisitor, The (a.k.a. Under Suspicion) (Garde Ã  vue);Crime|Drama;27.01.2007;Clare Farthin;$60311360.95
451;Damien: Omen II;Horror;02.05.2000;Adams Guntrip;$22986411.96
452;Stepdaughter, The;Horror|Thriller;02.07.2013;Verine McParlin;$57918071.26
453;P.S. I Love You;Comedy|Drama|Romance;05.10.2006;Tessy Mulqueen;$57496891.56
454;Longford;Crime|Drama;17.03.2017;Guinevere Orton;$79536321.87
455;Bikes vs Cars;Documentary;31.03.2017;Lily Cattroll;$27988249.41
456;Come Live with Me;Comedy|Romance;03.04.2013;Ursola Kerr;$88725794.58
457;Orphans;Comedy|Drama;17.04.2002;Faustina Malkinson;$5227934.95
458;Four, The (Si da ming bu);Action|Crime|Fantasy;26.04.2001;Gunilla Mateja;$77127515.25
459;Wilde;Drama;21.12.2004;Keelby Hosten;$86314014.64
460;Unfaithful Wife, The (Femme infidÃ¨le, La);Drama|Thriller;31.12.2009;Benyamin Stallion;$17699127.82
461;Makai Tensho: Samurai Reincarnation (Makai tenshÃ´);Action|Fantasy|Horror;27.06.2003;Nate Pley;$81556235.30
462;Graveyard Shift (Stephen King's Graveyard Shift);Horror|Thriller;11.05.2016;Jerrylee Moncrieffe;$86937902.86
463;Infernal Affairs 2 (Mou gaan dou II);Action|Crime|Drama|Thriller;30.07.2007;Gunilla Mateja;$62137007.05
464;Spartan;Thriller;11.08.2001;Ladonna Slograve;$70804835.00
465;IMAX: Coral Reef Adventure;Children|Documentary|IMAX;24.04.2019;Catherine Josefsson;$50583669.98
466;Package, The;Action|Thriller;22.04.2019;Dorey Normanell;$98447019.95
467;The Whisperer in Darkness;Horror|Mystery|Sci-Fi|Thriller;26.08.2004;Tymothy Hindsberg;$96721127.98
468;Road to Redemption;Comedy|Drama;11.10.2016;Nicholas Duckfield;$3101344.35
469;Kill Switch;Action|Crime|Drama|Thriller;08.01.2008;Afton Deroche;$47167912.17
470;Die Fischerin;Drama;23.07.2015;Emelda Frise;$56014978.36
471;Silences of the Palace, The (Saimt el Qusur);Drama;17.01.2014;Tymothy Hindsberg;$986926.86
472;Virginia;Drama;13.11.2002;Dorette Cushion;$96592865.18
473;Back Door to Hell;Drama|War;04.10.2007;Elladine Marley;$32097050.82
474;Punk's Dead: SLC Punk! 2;Comedy;04.06.2004;Jerrylee Moncrieffe;$60880102.01
475;Fright to the Finish;(no genres listed);25.07.2012;Tabbie Handslip;$69769455.85
476;You Are the Apple of My Eye;Comedy|Drama|Romance;16.07.2015;Nikolos McPhail;$6867013.49
477;Cotton Mary;Drama;02.02.2010;Cherilyn Iskowitz;$71401889.95
478;Metropia;Animation|Sci-Fi;18.01.2008;Rem Jacquemy;$39971063.60
479;In Praise of Older Women;Drama;03.08.2013;Bobinette Von Welden;$91993451.13
480;Hannah Arendt;Drama;04.10.2005;Afton Deroche;$15990688.54
481;Bandolero!;Western;25.12.2006;Val Beri;$24783123.66
482;Claustrofobia;Thriller;23.09.2014;Wendeline Shenton;$55852825.00
483;300;Action|Fantasy|War|IMAX;27.12.2014;Nonnah Inwood;$81753854.87
484;Taken 3;Action|Crime|Thriller;20.09.2011;Emmeline Andrei;$75909010.49
485;Eden of the East the Movie I: The King of Eden (Higashi no Eden Gekijoban);Action|Animation|Crime|Sci-Fi|Thriller;11.07.2012;Aldwin Copelli;$88923916.48
486;Bandwagon;Comedy;28.05.2011;Faustina Malkinson;$11443570.14
487;Holy Motors;Drama|Fantasy|Musical|Mystery|Sci-Fi;09.04.2019;Ludovika Obal;$14232077.44
488;Way We Laughed, The (CosÃ¬ Ridevano);Drama;08.08.2002;Filide Barttrum;$9236893.78
489;Bel Ami;Drama|Romance;08.12.2019;Cheryl Bouch;$56351997.18
490;Murphy's Romance;Comedy|Romance;29.08.2005;Gino Wellard;$96214724.65
491;May in the Summer;Comedy|Drama;21.05.2012;Carma Clapston;$24671545.14
492;Rescuers, The;Adventure|Animation|Children|Crime|Drama;08.07.2017;Bette Sarson;$676083.49
493;Last Klezmer: Leopold Kozlowski, His Life and Music, The;Documentary;18.06.2011;Aleda Slowgrave;$40484235.19
494;On Guard (Bossu, Le);Adventure|Drama;20.04.2012;Shaina Cicculini;$36125463.98
495;Any Given Sunday;Drama;23.04.2001;Nicholas Duckfield;$23498273.84
496;Thing, The;Horror|Mystery|Sci-Fi|Thriller;27.09.2008;Trudey von Grollmann;$98055771.19
497;Ruins, The;Horror|Thriller;21.07.2011;Gabbey Darragon;$12387967.02
498;Senotaji;Comedy;05.03.2019;Alisa Charteris;$74292327.86
499;Double, The;Comedy|Drama|Thriller;02.06.2009;Tabbie Handslip;$51876604.20
500;Beyond Therapy;Comedy;28.01.2004;Jerrylee Moncrieffe;$96495387.96
501;Armour of God (Long xiong hu di);Action|Adventure|Comedy;20.07.2016;Nerty Andreassen;$39670368.16
502;Motivational Growth;Comedy|Horror;17.07.2009;Jerrylee Moncrieffe;$59166804.98
503;Steve Jobs: The Lost Interview;Documentary;22.11.2001;Merv Guerner;$92126641.79
504;Civil War, The;Documentary|War;16.03.2016;Merv Guerner;$35919400.06
505;Abbott and Costello Meet Dr. Jekyll and Mr. Hyde;Comedy|Horror|Sci-Fi;20.09.2015;Izzy McPike;$46897682.28
506;Mirage;Mystery|Thriller;02.01.2018;Flori Valentin;$48556048.20
507;Steamboat Willie;Animation|Children|Comedy|Musical;06.10.2017;Randy Asch;$13981460.77
508;Torn;Drama;09.07.2003;Dela Drysdell;$22263438.38
509;Funny About Love;Comedy|Romance;17.12.2017;Janine Friedlos;$40169112.43
510;Baby, the Rain Must Fall;Drama;17.06.2001;Bette Sarson;$37195756.76
511;Irresistible;Drama|Thriller;09.06.2017;Cristiano Skyner;$30862160.00
512;Croupier;Crime|Drama;19.12.2009;Cal Findlay;$12749734.73
513;Return of the Living Dead: Rave to the Grave;Comedy|Horror;04.07.2001;Dela Drysdell;$19454080.44
514;Meatballs 4;Comedy;14.11.2015;Silvano Michelin;$56987545.24
515;Barabbas;Drama;01.08.2017;Jeane Woehler;$18316177.15
516;Freedomfighters (Libertarias);Drama|War;14.10.2019;Dorette Cushion;$98956166.11
517;Get Out of My Room;Comedy;09.02.2005;Maurita Ganny;$25987984.54
518;Midnight Lace;Mystery|Thriller;19.05.2010;Sarah Adshead;$72650102.23
519;Free Samples;Comedy|Drama;07.08.2013;Aldwin Copelli;$35663340.63
520;Soldier's Daughter Never Cries, A;Drama;10.10.2016;Whittaker McEntee;$42184731.39
521;Brest Fortress (Brestskaya krepost);Action|Drama|War;11.10.2002;Maurita Ganny;$81217600.84
522;Billy Elliot;Drama;14.08.2008;Egan Aspel;$71773935.83
523;Tipping the Velvet;Comedy|Drama|Romance;06.11.2010;Ludovika Obal;$45291134.87
524;Appointment in Tokyo;Documentary|War;15.02.2000;Carmelia Chewter;$90023008.09
525;Dark Journey;Adventure|Romance|Thriller;23.05.2020;Kayley Perot;$33508814.76
526;Illusion Of Blood;Fantasy|Horror;19.08.2001;Ingrim Thrasher;$4720969.62
527;Going the Distance;Comedy;25.01.2010;Dominique Nudd;$63944894.46
528;Don't Move (Non ti muovere);Drama;03.09.2011;Shaina Cicculini;$42977379.76
529;Michael Collins;Drama;04.05.2017;Jere Hastelow;$86707740.05
530;Stand Up and Cheer!;Comedy|Musical;06.02.2019;Ivy Belison;$51396945.11
531;Silent Wedding (Nunta Muta);Comedy|Drama;21.01.2004;Earle Burgott;$19496249.39
532;Chronicle;Action|Sci-Fi|Thriller;03.09.2010;Rhoda Russan;$15222101.91
533;Sins of My Father;Documentary;10.05.2012;Mark Gannicott;$28181081.30
534;Theremin: An Electronic Odyssey;Documentary;10.07.2003;Addie Bees;$99118889.51
535;Tight Spot;Drama|Film-Noir|Thriller;03.01.2019;Salaidh Neenan;$28209501.85
536;From the Journals of Jean Seberg;Documentary;27.11.2012;Salomone Prime;$32130339.69
537;Ant Bully, The;Adventure|Animation|Children|Comedy|Fantasy|IMAX;14.01.2009;Ludovika Obal;$55152073.39
538;Nim's Island;Adventure|Comedy|Fantasy;21.07.2015;Merrie Joseph;$41801843.79
539;Africa Screams;Adventure|Comedy;14.03.2009;Sarah Adshead;$67463066.75
540;My Best Girl;Comedy|Romance;06.01.2014;Christiano Ransom;$95136910.78
541;Dear Wendy;Drama;11.05.2012;Sapphira Lambarth;$11648226.36
542;Sabotage;Action|Crime|Drama;09.06.2004;Emmeline Andrei;$33904149.68
543;For Keeps;Drama|Romance;07.08.2013;Harli Croydon;$14591779.85
544;Goliyon Ki Raasleela Ram-Leela;Drama|Romance;02.08.2007;Quintina Knolles-Green;$69528582.36
545;Riders of the Purple Sage;Drama|Romance|Western;05.10.2007;Gustave Guice;$85192433.64
546;Babes in Toyland;Children|Fantasy|Musical;12.12.2014;Ileane Madrell;$71066405.12
547;Chill;Horror|Mystery|Thriller;01.07.2015;Mendel Hawk;$28026003.97
548;Tycoon;Adventure|Drama|Romance;02.11.2010;Palmer Grestie;$34042474.58
549;Magic Christmas Tree, The;Children|Comedy|Fantasy;10.10.2010;Tessy Mulqueen;$24472671.82
550;Feeding Frenzy;Comedy|Horror;07.06.2005;Shelby Arnaudin;$74162156.32
551;King of Jazz;Animation|Musical;25.10.2011;Rafferty Dugmore;$30601584.45
552;Rocaterrania;Documentary|Fantasy;01.05.2002;Tamera Minguet;$36136250.69
553;About a Boy;Comedy|Drama|Romance;11.05.2004;Briano Andriveau;$64197232.16
554;Ocean's Twelve;Action|Comedy|Crime|Thriller;19.10.2017;Ianthe Teesdale;$92751404.46
555;Rosvo Roope;Drama|Romance;28.01.2018;Nerty Andreassen;$31304801.66
556;Extreme Ops;Action|Adventure|Crime|Thriller;04.10.2010;Randy Asch;$50173746.24
557;Lilting;Drama;02.01.2003;Zaneta Gianilli;$99430396.02
558;Dirty Ho (Lan tou He);Action|Drama;07.03.2003;Zack Illsley;$73449457.13
559;House Hunting;Mystery|Thriller;11.01.2003;Rebeka Zupo;$14227288.29
560;Gone Girl;Drama|Thriller;17.06.2010;Nikolos McPhail;$14280044.13
561;Papa's Delicate Condition;Comedy;01.11.2003;Trula Wills;$2975088.00
562;Earthlings;Documentary;24.05.2005;Daphne Hartell;$77524780.15
563;Hit List, The;Action|Thriller;04.03.2008;Francisca Rowler;$7653563.60
564;Stormy Monday;Crime|Drama;12.05.2014;Michel Ianitti;$12886466.98
565;Porco Rosso (Crimson Pig) (Kurenai no buta);Adventure|Animation|Comedy|Fantasy|Romance;26.01.2020;Cristiano Skyner;$20689152.07
566;Kill Me Later;Romance|Thriller;05.04.2001;Ardisj Rosenbarg;$90960308.24
567;Rocketeer, The;Action|Adventure|Sci-Fi;05.01.2006;Ardisj Rosenbarg;$5824611.89
568;How to Make a Monster;Horror|Sci-Fi;16.09.2018;Jere Hastelow;$25481584.36
569;Biggie and Tupac;Documentary;28.01.2016;Poul Yelland;$19973711.81
570;Ants in the Pants;Comedy|Romance;03.05.2000;Godart Linnitt;$15470840.98
571;Sudden Manhattan;Comedy;10.09.2015;Francisca Rowler;$20019120.85
572;Breathing Fire;Action;14.06.2003;Ludovika Obal;$33876512.67
573;3 Ninjas Knuckle Up;Action|Children;02.09.2009;Gabbey Darragon;$54516823.76
574;It's Pat;Comedy;26.07.2016;Shaina Cicculini;$54584289.05
575;Comradeship (Kameradschaft);Drama;25.12.2000;Nickey Wilhelmy;$35549202.21
576;Chain Lightning;Action|Drama;22.02.2007;Aurelie Ankers;$55935641.76
577;Pig's Tale, A;Adventure|Comedy|Drama|Romance;13.09.2001;Merv Guerner;$66090333.38
578;Cashback;Comedy|Drama|Romance;01.12.2009;Ewan Auld;$91699216.24
579;Sleuth;Drama|Mystery|Thriller;27.01.2012;Yehudi Lippiello;$24760751.95
580;Mission, The (Cheung fo);Crime|Drama|Mystery;13.05.2000;Benyamin Stallion;$99620608.19
581;Daddy Long Legs;Comedy|Drama;22.08.2012;Tamera Minguet;$4764633.81
582;Adonis Factor, The;Documentary;27.02.2012;Francesca Ranshaw;$64380627.76
583;Long Night, The;Crime|Drama|Film-Noir|Romance|Thriller;06.10.2009;Selma Pelfer;$89209572.97
584;We Don't Live Here Anymore;Drama;13.02.2009;Salomone Prime;$87770890.75
585;Euphoria (Eyforiya);Drama|Romance;11.07.2017;Tabbie Handslip;$72262042.20
586;Braveheart;Action|Drama|War;17.04.2008;Dorey Normanell;$58791732.41
587;Cup, The (PhÃ¶rpa);Comedy;01.01.2014;Ruddy Charkham;$19248752.28
588;Kobe Doin' Work;Documentary;06.07.2009;Izzy McPike;$19979746.91
589;Doctor Detroit;Comedy;29.05.2019;Ludovika Obal;$54351271.18
590;Death Note;Adventure|Crime|Drama|Horror|Mystery;11.12.2010;Francesca Ranshaw;$30909866.24
591;Fat Man and Little Boy;Drama;04.10.2003;Tiffanie Barstow;$60618616.53
592;Edge of the City;Drama|Film-Noir;16.09.2011;Zack Illsley;$50934115.87
593;NÃ´;Drama;10.08.2020;Alric Jahn;$3480323.26
594;Possessed (Besat);Action|Crime|Drama|Horror|Thriller;04.11.2018;Dana Bacher;$67200178.52
595;Labyrinth;Adventure|Fantasy|Musical;29.04.2007;Barnabas Hawkett;$42761859.41
596;Dean Spanley;Comedy|Drama;11.01.2010;Flori Valentin;$96252504.94
597;Secret;Drama|Fantasy|Romance;04.05.2003;Ara Arnke;$39265882.25
598;Day of the Animals;Horror|Thriller;31.12.2012;Anya Leate;$79839549.90
599;Uranus;Comedy|Drama;29.09.2006;Addie Bees;$60585893.67
600;Shaun of the Dead;Comedy|Horror;24.07.2019;Nert Fruchon;$95971109.59
601;Collision Course;Action|Comedy|Thriller;18.11.2017;Christiano Ransom;$54137474.92
602;November;Drama|Mystery;07.02.2009;Guinevere Orton;$57544311.86
603;Good Fairy, The;Comedy|Romance;26.02.2008;Bobinette Von Welden;$72699432.38
604;Madagascar: Escape 2 Africa;Action|Adventure|Animation|Children|Comedy|IMAX;10.06.2002;Afton Deroche;$56725992.55
605;Midnight Movies: From the Margin to the Mainstream;Documentary;13.08.2014;Tessy Mulqueen;$61595533.80
606;Ride Beyond Vengeance;Western;20.01.2003;Kalinda Bruinsma;$69519120.78
607;Convent, The;Horror|Sci-Fi;19.11.2020;Imogen Yu;$21035217.23
608;Memories of Murder (Salinui chueok);Crime|Drama|Mystery|Thriller;14.11.2009;Merle McBayne;$39005733.97
609;More About the Children of Noisy Village (a.k.a. More About the Children of Bullerby Village) (Mer om oss barn i Bullerbyn);Children;23.10.2007;Celestyn Wooldridge;$69193146.87
610;London;Documentary;12.09.2010;Ludovika Obal;$62329779.34
611;Los Bandoleros;Action|Drama;30.10.2004;Nicholas Duckfield;$92929039.56
612;I Married a Monster from Outer Space;Horror|Sci-Fi;14.03.2019;Janine Friedlos;$29578424.13
613;Four Sided Triangle;Romance|Sci-Fi;16.05.2016;Gloriana Espadero;$5317357.77
614;Nixon by Nixon: In His Own Words;Documentary;07.07.2011;Daphne Hartell;$10518916.19
615;Minus Man, The;Drama|Mystery;29.09.2013;Magdalena Strotone;$40606104.28
616;Starting Out in the Evening;Drama;22.10.2018;Berry Matiewe;$7978881.18
617;No Turning Back;Adventure|Drama|Thriller;10.07.2008;Carmelia Chewter;$90445498.87
618;Ashura;Action|Fantasy;10.10.2010;Biddy Hanvey;$87241086.02
619;33 Scenes from Life (33 sceny z zycia);Drama;02.09.2010;Faustina Malkinson;$10170273.65
620;Entrapment;Crime|Thriller;11.12.2020;Benjie O'Flaherty;$21373721.39
621;Who Can Kill a Child? (a.k.a. Island of the Damned) (Â¿QuiÃ©n puede matar a un niÃ±o?);Horror|Mystery|Thriller;11.05.2020;Liane Antyshev;$65065408.34
622;Father of the Bride Part II;Comedy;17.08.2006;Filide Barttrum;$55533508.73
623;As If I Didn't Exist (Elina - Som om jag inte fanns);Children|Drama;06.02.2013;Alric Jahn;$54523345.65
624;Virgin Suicides, The;Drama|Romance;06.12.2018;Palmer Grestie;$36739650.24
625;Inglorious Bastards (Quel maledetto treno blindato);Action|Adventure|Drama|War;12.02.2004;Yanaton Raylton;$41031186.41
626;Freaks;Crime|Drama|Horror;21.03.2006;Aggie Kennewell;$517403.12
627;Heroine;Drama;28.11.2013;Rhoda Russan;$85737493.72
628;With Honors;Comedy|Drama;09.11.2003;Alric Jahn;$58371538.94
629;Go Get Some Rosemary (Daddy Longlegs);Comedy|Drama;12.09.2013;Devina Challice;$29259045.49
630;Born to Dance;Comedy|Musical;22.03.2008;Ree Girardet;$93329427.64
631;Alice;Action|Adventure|Fantasy;15.03.2011;Christiano Ransom;$98577598.22
632;Words, The;Drama|Romance;04.12.2002;Ianthe Teesdale;$42388528.21
633;Silent Night, Deadly Night;Horror|Thriller;07.07.2002;Merrie Joseph;$64719663.56
634;Ballad of Narayama, The (Narayama Bushiko);Drama;10.01.2019;Benyamin Stallion;$60304894.95
635;School Daze;Drama;06.05.2011;Cheryl Bouch;$81747545.47
636;Fear X;Mystery|Thriller;07.06.2005;Trudey von Grollmann;$43566871.41
637;Vitelloni, I (a.k.a. The Young and the Passionate);Drama;08.11.2004;Faustina Malkinson;$70574441.55
638;Blue in the Face;Comedy|Drama;04.08.2008;Poul Yelland;$35348827.93
639;Man Without a Past, The (Mies vailla menneisyyttÃ¤);Comedy|Crime|Drama;26.12.2002;Celestyn Wooldridge;$43657690.97
640;Mortician, The;Thriller;01.09.2011;Rhoda Russan;$16582781.87
641;Perfect World, A;Crime|Drama|Thriller;17.01.2003;Cherilyn Iskowitz;$3970671.60
642;Frenchman's Creek;Adventure|Drama|Romance;18.08.2012;Yanaton Raylton;$7352013.49
643;Don;Action|Crime|Musical;21.04.2010;Mick Quesne;$75034213.04
644;Listy do M.;Comedy|Romance;28.05.2008;Quintina Knolles-Green;$63924868.01
645;Witness;Drama|Romance|Thriller;31.12.2018;Magdalena Strotone;$91457193.67
646;Beach, The;Adventure|Drama;14.03.2014;Ninnette Halsted;$71710308.32
647;Civil War, The;Documentary|War;02.01.2014;Cleveland Vanelli;$5760834.78
648;The Strange Affair;Crime|Drama;06.01.2011;Earle Burgott;$407264.61
649;X-Men: The Last Stand;Action|Sci-Fi|Thriller;17.08.2013;Dorolisa Spere;$77038105.74
650;RFK Must Die: The Assassination of Bobby Kennedy;Documentary;30.11.2010;Nicholas Duckfield;$78510343.04
651;Hollywood Homicide;Action|Crime|Drama;07.09.2010;Dore Luckman;$8635759.75
652;Leap of Faith;Comedy|Drama;22.01.2017;Pauly Aizik;$27249570.28
653;It Follows;Horror;25.05.2018;Briano Andriveau;$33081491.84
654;Marriage Made in Heaven, A (Rab Ne Bana Di Jodi);Comedy|Drama|Musical|Romance;05.11.2019;Biddy Hanvey;$98173940.57
655;Evenings on a Farm near Dikanka;Comedy|Fantasy|Romance;19.08.2018;Gino Wellard;$94224395.37
656;Keep, The;Horror|Thriller;16.04.2007;Tabbie Handslip;$16585237.91
657;D.A.R.Y.L.;Adventure|Children|Sci-Fi;07.04.2004;Vance Bartkowiak;$89636705.01
658;Magical Mystery Tour;Comedy|Musical;19.03.2018;Guido McWard;$90825789.45
659;Seed;Horror;26.03.2015;Carmelia Chewter;$85728507.36
660;Feast III: The Happy Finish;Action|Comedy|Horror;11.09.2006;Alric Jahn;$61093484.09
661;Nowhere to Run;Action|Romance;01.11.2002;Belinda Skates;$84249438.27
662;Blood and Sand (Sangre y Arena);Drama|Romance;23.03.2008;Salaidh Neenan;$74811542.76
663;Orfeu;Crime|Drama|Romance;04.11.2012;Dore Luckman;$58740967.71
664;I'm Not Scared (Io non ho paura);Drama|Mystery|Thriller;30.09.2019;Gabbey Darragon;$24984697.20
665;America Before Columbus;Documentary;04.02.2013;Tessy Mulqueen;$62490325.00
666;Plunkett & MaCleane;Action|Adventure|Drama;19.02.2012;Alisa Charteris;$55826969.26
667;Snow Creature, The;Horror;14.12.2014;Levi Avrahamof;$63918244.73
668;Den sommeren jeg fylte 15;Drama;25.02.2014;Shelby Arnaudin;$25214127.83
669;Entity, The;Horror;04.09.2019;Caryl Huyche;$41814464.26
670;Pathology;Crime|Horror|Thriller;09.09.2020;Caryl Huyche;$8179623.41
671;Lord of the Rings: The Return of the King, The;Action|Adventure|Drama|Fantasy;13.11.2010;Trula Wills;$58283283.48
672;Man Exposed;Comedy|Drama;28.04.2004;Sondra Roberts;$92308515.46
673;Supercondriaque;Comedy;04.02.2018;Rem Jacquemy;$65920219.75
674;Gods Must Be Crazy, The;Adventure|Comedy;27.06.2008;Nerte Elgy;$90307427.94
675;Hunters, The;Drama|War;22.05.2020;Edie Larrett;$26431561.68
676;Buried;Mystery|Thriller;22.01.2013;Janine Friedlos;$48647437.16
677;Rhino Season (Fasle kargadan) ;Drama|Fantasy|Film-Noir|Mystery|Romance|War;10.07.2013;Gino Wellard;$76606041.68
678;Goal! The Dream Begins (Goal!);Drama;30.11.2016;Ileane Madrell;$98341871.10
679;Hobson's Choice;Comedy|Drama|Romance;14.02.2018;Carma Clapston;$39571950.25
680;Pink Saris;Documentary|Drama;12.04.2012;Bobinette Von Welden;$52924033.63
681;Vivien Leigh: Scarlett and Beyond;Documentary;23.05.2012;Faustina Malkinson;$32215456.19
682;Spiral;Drama|Horror|Thriller;03.04.2016;Guthrie Troutbeck;$48908700.50
683;Bourne Supremacy, The;Action|Crime|Thriller;21.02.2009;Ree Girardet;$4002794.23
684;Such Hawks Such Hounds;Documentary;28.05.2000;Rubi Philipps;$83944669.41
685;Peter Pan;Action|Adventure|Children|Fantasy;08.06.2009;Maurita Ganny;$12724988.15
686;Island;Drama|Mystery|Thriller;02.09.2014;Emmeline Andrei;$44543824.22
687;Guru;Drama|Romance;30.10.2017;Carma Clapston;$32682304.30
688;WNUF Halloween Special;Comedy|Horror;20.01.2020;Cheryl Bouch;$18445447.82
689;Italian Job, The;Action|Crime;14.01.2015;Dominique Nudd;$56488366.94
690;These Girls;Comedy;25.07.2016;Hew Thon;$33288802.75
691;Chandu the Magician;Action|Adventure|Fantasy|Sci-Fi;19.06.2006;Dorey Normanell;$78933680.75
692;Love Affair, or the Case of the Missing Switchboard Operator (Ljubavni slucaj ili tragedija sluzbenice P.T.T.);Drama;08.01.2007;Jere Hastelow;$21297605.68
693;Back to the Beach;Comedy;02.07.2008;Clare Farthin;$13521385.93
694;Life According to Sam;Documentary|Drama;14.03.2015;Gabbey Darragon;$73366044.12
695;Addams Family Values;Children|Comedy|Fantasy;22.09.2019;Holmes Sidey;$38869853.41
696;Earrings of Madame de..., The (Madame de...);Drama;10.03.2003;Zacherie Lindro;$39572493.78
697;William Kunstler: Disturbing the Universe;Documentary;26.11.2018;Nalani Wyness;$20672374.39
698;Time Regained (Temps retrouvÃ©, Le);Drama;21.06.2002;Keelby Hosten;$37653263.26
699;Saratov Approach, The;Action|Drama;10.02.2006;Randi Crowdson;$71218639.68
700;I Have Found It (Kandukondain Kandukondain);Comedy|Drama|Musical|Romance;08.05.2008;Hew Thon;$47883993.94
701;Amadeus;Drama;07.05.2019;Thelma Hearty;$337357.44
702;Highwaymen;Action|Crime|Thriller;24.03.2000;Tabatha Broun;$60973059.90
703;Night to Remember, A;Action|Drama;23.02.2011;Christiano Ransom;$46240682.93
704;Take Care of Your Scarf, Tatiana (PidÃ¤ huivista kiinni, Tatjana);Comedy;23.10.2007;Phillipe Augar;$98793023.80
705;Electric Boogaloo: The Wild, Untold Story of Cannon Films;Comedy|Documentary;04.10.2004;Holmes Sidey;$83285233.61
706;To Sir with Love;Drama;23.05.2013;Royall Freddi;$87286748.46
707;Manufacturing Dissent;Documentary;12.11.2004;Jeane Woehler;$34297718.78
708;Cartoon All-Stars to the Rescue;Animation|Children|Comedy|Drama|Fantasy;12.09.2017;Pauly Aizik;$56366909.66
709;Niagara;Drama|Thriller;04.05.2004;Celestine Simmill;$2563867.28
710;And Your Mother Too (Y tu mamÃ¡ tambiÃ©n);Drama|Romance;01.08.2008;Nicholas Duckfield;$46985855.95
711;Bill Maher: Victory Begins at Home;Comedy;03.03.2009;Dore Luckman;$7722886.78
712;Duellists, The;Action|War;18.05.2001;Thurston Strank;$97181843.84
713;Venus & Fleur;(no genres listed);27.04.2005;Trudey von Grollmann;$4380495.75
714;Prelude to a Kiss;Comedy|Drama|Romance;17.09.2010;Sibyl Zelland;$82018006.79
715;End of Watch;Crime|Drama|Thriller;16.11.2005;Izzy McPike;$69769765.50
716;Alias Betty (Betty Fisher et autres histoires);Crime|Drama;01.06.2016;Yehudi Lippiello;$12748440.71
717;History of the World: Part I;Comedy|Musical;06.12.2009;Harli Buss;$56050276.03
718;Jo Jo Dancer, Your Life is Calling;Drama;23.03.2000;Mendel Hawk;$59095313.24
719;Eden;Crime|Drama;27.07.2001;Florella Tomanek;$40132028.87
720;To Get to Heaven First You Have to Die (Bihisht faqat baroi murdagon);Drama;08.12.2012;Ree Girardet;$26253543.92
721;Seduction of Joe Tynan, The;Drama;14.06.2017;Aldwin Copelli;$91612353.93
722;Clown;Drama|Horror;15.04.2002;Easter Liffey;$19306162.04
723;Gentlemen;Drama|Romance|Thriller;18.02.2020;Ingrim Thrasher;$63194098.51
724;Johnny Handsome;Crime|Drama;18.09.2008;Wendeline Shenton;$94250064.22
725;16 to Life;Comedy|Drama;08.07.2001;Dorette Cushion;$62218508.72
726;Joseph and the Amazing Technicolor Dreamcoat;Musical;22.04.2016;Guinevere Orton;$10305398.72
727;Sasquatch: The Legend of Bigfoot;Adventure|Mystery;05.02.2009;Dare Espie;$17236725.08
728;We Stand Alone Together;Documentary;18.04.2004;Jere Hastelow;$29380007.29
729;Photographing Fairies;Drama|Fantasy|Mystery;25.12.2000;Darleen Blasiak;$26687307.34
730;Smash His Camera;Documentary;25.10.2006;Vincents Clemont;$57300941.31
731;Spinning Boris;Comedy|Drama;14.06.2016;Ewan Auld;$93147013.45
732;Vares: Private Eye (Vares - YksityisetsivÃ¤);Action|Comedy|Crime|Thriller;05.01.2012;Nickey Wilhelmy;$38613075.49
733;Better Tomorrow III: Love and Death in Saigon, A;Action|Thriller|War;06.09.2016;Imogen Yu;$66317141.99
734;Bagdad Cafe (Out of Rosenheim);Comedy|Drama;29.04.2002;Quintus Markson;$66295233.18
735;Girl of the Golden West;Musical|Romance|Western;13.06.2007;Belinda Skates;$3390872.07
736;Ungentlemanly Act, An;Action|Documentary|Drama|War;21.02.2013;Constantia Retallick;$17986002.63
737;Big Fish;Drama|Fantasy|Romance;10.07.2012;Dela Drysdell;$13426366.34
738;Just a Sigh;Drama|Romance;20.12.2002;Dorolisa Spere;$16968922.45
739;Eiger Sanction, The;Action|Adventure|Drama|Thriller;31.01.2020;Lurline Pottery;$29699142.80
740;Heart and Souls;Comedy|Fantasy;03.07.2009;Ludovika Obal;$51111441.93
741;Venice/Venice;Drama;25.04.2014;Zack Illsley;$67794977.71
742;Hard to Kill;Action|Crime|Drama;15.03.2019;Yehudi Lippiello;$25948265.47
743;Toomorrow;Comedy|Musical|Sci-Fi;26.06.2007;Dana Bacher;$5568944.18
744;Rita, Sue and Bob Too!;Comedy|Drama;11.05.2018;Liane Antyshev;$67081536.81
745;Tis kakomoiras;Comedy;26.04.2009;Guinevere Orton;$10507097.81
746;Ugly Truth, The;Comedy|Drama|Romance;24.04.2019;Whittaker McEntee;$26992887.39
747;King Cobra;Horror|Sci-Fi;27.05.2005;Tabbie Handslip;$58074855.01
748;At Midnight I'll Take Your Soul (Ã€ Meia-Noite Levarei Sua Alma);Horror;27.11.2011;Brigit Loudiane;$27841817.62
749;Big Store, The;Comedy|Musical;09.05.2019;Maurita Ganny;$15678109.04
750;Hell in the Pacific;Drama|War;20.11.2013;Cleavland Vinker;$90345396.66
751;MisÃ©rables, Les;Drama|War;18.09.2009;Palmer Grestie;$56554399.75
752;Papusza;Drama;04.02.2010;Ardisj Rosenbarg;$7431404.36
753;Spy Hard;Comedy;14.01.2006;Selma Pelfer;$7831959.06
754;Hot Tub Time Machine 2;Comedy|Sci-Fi;22.06.2010;Sal Wythill;$27685167.70
755;Love and Lemons (SmÃ¥ citroner gula);Romance;21.06.2019;Elladine Marley;$52423117.33
756;[REC]Â³ 3 GÃ©nesis;Horror|Thriller;14.11.2008;Quintina Knolles-Green;$28502138.30
757;The Mayor of Casterbridge;Drama;25.12.2015;Sophronia Dunne;$45212123.19
758;Seven Days to Noon;Drama|Thriller;20.04.2012;Rowan Delle;$29607345.51
759;Paint Your Wagon;Comedy|Musical|Western;05.11.2016;Heinrick Guitt;$63894436.78
760;Nick Offerman: American Ham;Comedy;02.12.2018;Nicholas Duckfield;$15270534.79
761;Pippi in the South Seas (Pippi LÃ¥ngstrump pÃ¥ de sju haven);Adventure|Children;04.05.2002;Mark Gannicott;$88947182.88
762;Amelie (Fabuleux destin d'AmÃ©lie Poulain, Le);Comedy|Romance;20.12.2005;Lily Cattroll;$89966848.92
763;Addicted;Drama;08.10.2001;Ianthe Teesdale;$944486.21
764;House by the River;Crime|Drama|Film-Noir;09.11.2013;Lucine Pargeter;$23514544.29
765;Fantasma;Drama;02.09.2001;Aggie Kennewell;$65162009.78
766;Ghost in the Shell 2: Innocence (a.k.a. Innocence) (Inosensu);Action|Animation|Drama|Sci-Fi|Thriller;28.10.2004;Carmelia Chewter;$81165580.59
767;Parisienne, La (Une parisienne);Comedy;03.02.2019;Francisca Rowler;$41560023.43
768;Invisible Agent;Adventure|Comedy|Sci-Fi|Thriller|War;04.02.2015;Jerrylee Moncrieffe;$71650198.22
769;Mad Detective (Sun taam);Action|Crime|Thriller;07.09.2013;Hew Thon;$18147891.12
770;Wild Tigers I Have Known;Drama;25.01.2008;Sal Wythill;$56768348.72
771;Garden, The;Drama;31.03.2003;Keelby Hosten;$97908282.39
772;Higher Ground;Drama;29.07.2016;Lucine Pargeter;$29183957.09
773;Butcher Boys (Bone Boys);Action|Comedy|Horror|Thriller;10.12.2002;Ruddy Charkham;$70441022.57
774;Conspiracy Theory;Drama|Mystery|Romance|Thriller;21.06.2003;Pia Christoforou;$92554499.23
775;That Hamilton Woman;Drama|Romance|War;23.10.2003;Matt Lonsbrough;$75528208.23
776;Prince Avalanche;Comedy|Drama;26.05.2011;Gunilla Mateja;$38505409.29
777;Wisegirls;Crime|Drama;09.12.2008;Susie Oby;$21980789.01
778;Runaway Bride;Comedy|Romance;04.02.2017;Quintus Markson;$54561928.70
779;Youth of the Son;Drama;04.12.2006;Florella Tomanek;$53625542.66
780;Sugarbaby;Comedy;18.03.2006;Cherilyn Iskowitz;$77741953.10
781;Blood and Roses (Et mourir de plaisir) (To Die with Pleasure);Horror;14.02.2010;Randy Asch;$92211686.26
782;Tony Rome;Crime|Drama|Thriller;25.10.2009;Nonnah Inwood;$92384818.18
783;Passionada;Comedy|Romance;28.09.2010;Pavia Brasner;$3539860.54
784;Big Blonde, The (Iso vaalee);Comedy|Drama;02.03.2001;Thelma Hearty;$27743985.72
785;Owl and the Pussycat, The;Comedy;25.04.2014;Dorolisa Spere;$36880526.64
786;Blow;Crime|Drama;06.10.2006;Trula Wills;$79011107.02
787;Duo (Pas de deux);Animation|Musical;01.06.2006;Randy Asch;$98016528.98
788;20 Seconds of Joy;Documentary;08.05.2001;Director;$93949887.04
789;Herr Lehmann;Comedy|Drama;20.07.2004;Zack Illsley;$43661935.06
790;Little Women;Drama;25.03.2002;Joanna Skellern;$59696246.20
791;One Way Passage;Drama|Romance;22.05.2008;Guido McWard;$43340089.97
792;Christopher Strong;Drama;12.11.2017;Nert Fruchon;$99643630.67
793;Before the Revolution (Prima della rivoluzione);Drama|Romance;02.05.2007;Tabbie Handslip;$53809372.37
794;AngÃ©lique, marquise des anges;Adventure|Romance;14.03.2014;Magdalena Strotone;$79620243.36
795;O Brother, Where Art Thou?;Adventure|Comedy|Crime;11.05.2002;Whittaker McEntee;$32319037.13
796;Fury;Drama|Film-Noir;04.09.2010;Mark Gannicott;$909138.40
797;Zero Charisma;Comedy|Drama;14.08.2004;Shaun Bahia;$40033464.07
798;Neverland;Adventure|Fantasy;23.05.2007;Sarah Adshead;$51910111.73
799;An Evening with Robin Williams;Comedy;12.01.2013;Dorolisa Spere;$13442775.46
800;Shane;Drama|Western;20.08.2000;Randi Crowdson;$28031220.56
801;Warriors of Virtue;Action|Adventure|Children|Fantasy;30.06.2016;Jerrie Scamerden;$51734040.67
802;Frogs;Drama|Horror|Mystery|Thriller;20.10.2014;Tamera Minguet;$40269835.25
803;Aura, The (Aura, El);Crime|Drama|Thriller;11.01.2004;Ewan Auld;$74989660.88
804;Knights;Action|Adventure|Sci-Fi;15.07.2016;Ardisj Rosenbarg;$40009832.54
805;Broken Embraces (Los abrazos rotos);Drama|Romance|Thriller;12.02.2013;Selma Pelfer;$81584659.64
806;Napoleon and Samantha;Adventure|Drama;17.05.2002;Nerty Andreassen;$19509180.25
807;You're a Big Boy Now;Comedy|Drama;15.11.2005;Nerty Andreassen;$35148524.57
808;George Washington Slept Here;Comedy;10.05.2009;Zacherie Lindro;$2660217.20
809;Miracle Worker, The;Drama;02.08.2013;Magdalena Strotone;$19802503.83
810;Night on the Galactic Railroad (Ginga-tetsudo no yoru);Animation|Drama;12.11.2001;Holmes Sidey;$14581558.13
811;Applause (Applaus);Drama;07.04.2010;Dorette Cushion;$86360544.99
812;Foreign Student;Drama;11.07.2002;Alric Jahn;$83967049.21
813;Good Earth, The;Drama;28.11.2006;Biddy Hanvey;$85056363.60
814;Man from Beyond, The;Mystery;06.02.2008;Rhoda Russan;$19086344.19
815;The Fox and the Hound 2;Adventure|Animation|Children|Comedy;07.10.2011;Myra Dufaire;$5365359.99
816;Secrets;Western;25.07.2015;Nickey Wilhelmy;$2194068.44
817;Keep, The;Horror|Thriller;20.02.2020;Gino Wellard;$67690476.64
818;Skellig;Drama|Fantasy|Mystery;27.11.2002;Dela Drysdell;$65989113.20
819;Garfield Gets Real;Animation|Children|Comedy;04.05.2020;Caryl Huyche;$65973689.60
820;Curious Case of Benjamin Button, The;Drama|Fantasy|Mystery|Romance;21.06.2001;Aurelie Ankers;$43464202.49
821;Al otro lado;Drama;12.09.2019;Kandy Gilfillan;$20440148.14
822;Emperor Jones, The;Drama;03.08.2001;Constantia Retallick;$57192526.41
823;Starship Invasions;Sci-Fi;05.02.2011;Selma Pelfer;$85141264.29
824;Evil - In the Time of Heroes (To kako - Stin epohi ton iroon);Adventure|Comedy|Horror;27.10.2003;Alisa Charteris;$46577860.08
825;Signs & Wonders;Drama;08.03.2004;Pavia Brasner;$65261982.04
826;Friendly Persuasion;Drama;18.09.2003;Cheryl Bouch;$64435934.84
827;Nowhere in Africa (Nirgendwo in Afrika);Drama;21.11.2016;Alric Jahn;$96647281.82
828;Crimes and Misdemeanors;Comedy|Crime|Drama;31.08.2009;Trula Wills;$34921031.70
829;Heartbreak Kid, The;Comedy|Romance;08.09.2008;Tabatha Broun;$28496745.76
830;Jesus Henry Christ;Comedy;30.08.2000;Tamera Minguet;$27759884.59
831;Greatest Show on Earth, The;Drama;19.05.2007;Allen Baughn;$61170872.36
832;Return, The;Sci-Fi|Thriller;07.05.2013;Cristiano Skyner;$68351828.76
833;Tale of Two Cities, A;Drama;24.12.2005;Dela Drysdell;$90632830.63
834;Tender Trap, The;Comedy|Musical;17.04.2018;Allen Baughn;$37349700.87
835;End of Violence, The;Drama|Thriller;27.03.2010;Alisa Charteris;$2560051.86
836;Donos de Portugal;Documentary;24.08.2008;Ramsey Gummary;$75504871.04
837;Semi-Tough;Comedy;14.01.2009;Sal Wythill;$68671776.09
838;Rusalochka (The Little Mermaid);Children|Fantasy|Musical|Romance;08.10.2002;Alexis Ketteman;$49913909.23
839;Steel;Action|Adventure|Crime|Drama;30.11.2015;Mendel Hawk;$45747703.16
840;Eyes of Laura Mars;Mystery|Thriller;20.07.2003;Pauly Aizik;$20022876.86
841;Down and Derby;Children|Comedy;13.01.2008;Rubi Philipps;$22295950.34
842;Resident, The;Drama|Horror|Thriller;28.07.2006;Gabbey Darragon;$53370313.08
843;I Shot a Man in Vegas;Comedy;09.03.2007;Vance Bartkowiak;$62808962.75
844;Texas Chainsaw Massacre: The Next Generation (a.k.a. The Return of the Texas Chainsaw Massacre);Horror;21.03.2006;Aretha Rapp;$76183709.99
845;Li'l Abner;Comedy|Musical;01.01.2013;Preston Metts;$15911277.99
846;Love Exposure (Ai No Mukidashi);Action|Comedy|Drama|Romance;26.09.2019;Elmira Birkin;$33851569.91
847;Not Safe for Work;Thriller;14.02.2006;Magdalena Strotone;$81152940.75
848;Cutie and the Boxer;Documentary;03.04.2015;Rodolphe McCrie;$53864968.62
849;Funny People;Comedy|Drama;13.05.2000;Cheryl Bouch;$19738009.74
850;Profound Desires of the Gods (Kamigami no fukaki yokubo) ;Drama;26.04.2000;Randy Asch;$38702366.27
851;Julie & Julia;Comedy|Drama|Romance;03.10.2007;Darleen Blasiak;$21504169.20
852;Keeping the Faith;Comedy|Drama|Romance;22.11.2007;Gloriana Espadero;$165660.49
853;Miss Nobody;Comedy|Crime;17.01.2001;Ramsey Gummary;$2546961.57
854;Â¡Alambrista! (Illegal, The);Drama;05.10.2008;Rem Jacquemy;$52520024.26
855;Tattoo Nation;Documentary;21.10.2007;Thelma Hearty;$90914799.40
856;Unholy Three, The;Crime|Drama|Romance;30.10.2017;Godart Linnitt;$4352680.24
857;Brass Target;Action|Drama|Mystery|Thriller;10.01.2002;Holmes Sidey;$45246871.64
858;Havoc;Crime|Drama|Romance;21.08.2002;Clare Farthin;$22636961.31
859;Most Likely to Succeed;Documentary|Drama;25.12.2009;Guido McWard;$58823717.14
860;Wanted;Action|Romance;14.09.2013;Clare Farthin;$25040589.76
861;Have Rocket, Will Travel;Comedy|Sci-Fi;18.02.2006;Janine Friedlos;$40303813.41
862;Good Neighbours (a.k.a. Good Neighbors);Crime|Thriller;27.01.2011;Karry Ormonde;$44519143.34
863;Woodstock;Documentary|Musical;21.11.2003;Germayne Cullingford;$19606890.40
864;Guilty Hearts;Drama;14.09.2001;Cristiano Skyner;$68494594.97
865;Bombshell;Comedy|Drama|Romance;03.04.2004;Ladonna Slograve;$23418774.43
866;Hot Rock, The;Comedy|Crime;18.04.2018;Verine McParlin;$43548394.13
867;9 Month Stretch (9 mois ferme);Comedy;20.11.2005;Alisa Charteris;$39159557.14
868;Hero;Comedy|Drama;30.07.2005;Magdalena Strotone;$54145554.15
869;Blue;Romance|Western;08.02.2020;Andras Woolsey;$58894584.43
870;Let the Bullets Fly;Action|Comedy;18.11.2017;Thurston Strank;$8214555.15
871;Memory of a Killer, The (Zaak Alzheimer, De);Action|Crime|Drama|Thriller;11.07.2013;Gunilla Mateja;$7927013.27
872;Glory;Drama|War;31.05.2005;Kirbee Kimmel;$89198101.89
873;Back to the USSR - takaisin Ryssiin;Comedy|Drama;14.12.2005;Darleen Blasiak;$16719687.14
874;Whitewash;Drama;26.11.2007;Jerrie Scamerden;$53598601.33
875;KokowÃ¤Ã¤h;Comedy;27.05.2005;Harli Buss;$62876097.61
876;Midnight Clear;Drama;11.10.2003;Tymothy Hindsberg;$9560647.47
877;K-9;Action|Comedy|Crime;15.10.2001;Pren Davson;$50502383.66
878;Adventures of Prince Achmed, The (Abenteuer des Prinzen Achmed, Die);Adventure|Animation|Fantasy|Romance;18.03.2010;Cleveland Vanelli;$47535646.46
879;Sherlock Holmes: The Woman in Green;Mystery;20.10.2005;Dore Luckman;$16709343.14
880;Soloalbum;Comedy|Romance;25.05.2003;Carmelia Chewter;$5375613.33
881;Declaration of War (La Guerre est DÃ©clarÃ©e);Drama;03.04.2013;Addie Bees;$22612945.44
882;Majority of One, A;Comedy|Drama|Romance;03.06.2009;Ingrim Thrasher;$33002112.93
883;Le Donk & Scor-zay-zee;Comedy;03.05.2018;Edie Larrett;$85582251.76
884;The Burglar;Crime|Drama;07.12.2016;Yanaton Raylton;$12988992.80
885;Music of Chance, The;Drama;10.08.2003;Wilma McCullen;$23970367.08
886;Red Planet;Action|Sci-Fi|Thriller;20.07.2015;Flori Valentin;$46914282.70
887;Scenes From a Marriage (Scener ur ett Ã¤ktenskap);Drama;06.08.2005;Wilma McCullen;$65754309.72
888;Mary, Queen of Scots;Drama;26.04.2014;Levi Avrahamof;$48645659.60
889;Safe Conduct (Laissez-Passer);Drama|War;25.07.2018;Mark Gannicott;$83209062.94
890;Killing Season;Action|Thriller;13.11.2019;Aloysia Bowdery;$99286918.45
891;Girl with a Pearl Earring;Drama|Romance;26.09.2008;Tabbie Handslip;$49138265.09
892;Samson and Delilah;Adventure|Drama;27.04.2002;Earle Burgott;$75933718.13
893;Star Wars: Episode V - The Empire Strikes Back;Action|Adventure|Sci-Fi;03.07.2014;Susie Oby;$33167753.80
894;Gloria;Drama|Thriller;27.04.2009;Kirbee Kimmel;$39864771.89
895;Daydream Nation;Drama|Romance;13.07.2003;Shirline Yuille;$89737462.58
896;Thousand Months, A (Mille mois);Drama;13.04.2014;Randi Crowdson;$73997152.09
897;Road to Brown, The;Documentary;07.07.2000;Randi Crowdson;$22152844.88
898;What Alice Found;Crime|Drama;10.11.2005;Faustina Malkinson;$55704293.82
899;Strange Case of Angelica, The (O Estranho Caso de AngÃ©lica);Drama;01.06.2016;Pauly Aizik;$32705125.95
900;Don Quixote (Don Quijote de Orson Welles);Drama;06.11.2019;Jenn Whatling;$78039158.52
901;One Tough Cop;Action|Crime;14.01.2000;Maurita Ganny;$91724241.85
902;History of Postwar Japan as Told by a Bar Hostess (Nippon Sengoshi - Madamu onboro no Seikatsu);Documentary;11.03.2009;Edie Larrett;$33251762.94
903;Adventures of Pluto Nash, The;Action|Adventure|Comedy|Sci-Fi;04.05.2001;Vance Bartkowiak;$85020767.81
904;Survival of the Dead;Horror;12.07.2007;Nonnah Inwood;$49864262.43
905;Iceman Cometh, The;Drama;21.12.2006;Emmeline Andrei;$54422849.42
906;Memories of Me;Comedy|Drama;27.09.2020;Melvyn Manneville;$87782033.73
907;Airplane II: The Sequel;Comedy;28.03.2014;Florella Tomanek;$32865340.40
908;Edison, the Man;Drama;23.05.2007;Preston Metts;$5060033.13
909;Nordkraft;Crime|Drama|Romance;15.06.2014;Rhoda Russan;$45836355.94
910;Agnes of God;Drama|Mystery;21.08.2016;Lily Cattroll;$38875350.28
911;Stranger, The;Drama|Film-Noir|Thriller;26.07.2017;Aleda Slowgrave;$69040517.28
912;Reckless;Comedy|Fantasy;11.12.2016;Flori Valentin;$62058168.17
913;Nothing But Trouble;Adventure|Comedy;25.01.2012;Zack Illsley;$92399878.67
914;Vile ;Horror;25.07.2017;Lothaire Prisk;$42095337.27
915;Aelita: The Queen of Mars (Aelita);Action|Adventure|Drama|Fantasy|Romance|Sci-Fi|Thriller;12.09.2003;Earle Burgott;$59978620.44
916;Our Mother's House;Drama|Thriller;24.08.2014;Mark Gannicott;$60128469.74
917;Hard Ticket to Hawaii;Action|Comedy;11.08.2000;Rebeka Zupo;$81303423.10
918;The Dark Valley;Western;09.08.2009;Dela Drysdell;$68460578.01
919;Bruno (Dress Code, The);Comedy|Drama;02.07.2015;Holmes Sidey;$68122260.85
920;Evil That Men Do, The;Action|Thriller;13.09.2002;Nonnah Inwood;$40329403.67
921;Price of Milk, The;Comedy|Drama|Fantasy|Romance;21.02.2012;Afton Deroche;$75177031.14
922;Police Academy;Comedy|Crime;03.04.2014;Vincents Clemont;$67181561.71
923;Off the Black;Drama;23.01.2019;Merle McBayne;$13358643.90
924;Dog Year, A;Comedy|Drama;20.11.2019;Devina Challice;$22471852.01
925;Inkheart;Adventure|Fantasy;18.05.2016;Elmira Birkin;$34616821.14
926;71: Into The Fire (Pohwasogeuro);War;27.12.2004;Val Beri;$95118723.21
927;Shirin in Love;Comedy|Romance;30.01.2020;Sondra Roberts;$94952097.66
928;Houdini;Drama;21.06.2001;Carmelia Chewter;$5934468.21
929;Svengali;Drama|Horror;15.01.2005;Tabbie Handslip;$10210089.37
930;Call of Cthulhu, The;Horror|Thriller;25.10.2001;Ewan Auld;$1504251.69
931;Commune, La (Paris, 1871);Drama|War;21.05.2002;Daphne Hartell;$43882311.75
932;Coney Island;Comedy;04.05.2015;Constantia Retallick;$22900872.76
933;Reykjavik-Rotterdam;Drama|Thriller;28.02.2011;Holmes Sidey;$83102495.58
934;Bitter Rice (Riso amaro);Drama;10.11.2012;Whittaker McEntee;$503022.67
935;Paulie;Adventure|Children|Comedy;07.03.2020;Florella Tomanek;$66185746.95
936;U.S. vs. John Lennon, The;Documentary;17.12.2005;Lurline Pottery;$70194203.46
937;Way Ahead, The (a.k.a. The Immortal Battalion);Drama|War;06.05.2016;Nalani Wyness;$50301026.40
938;Disaster L.A.;Action|Horror|Sci-Fi;23.03.2010;Pren Davson;$12151411.51
939;My Amityville Horror;Documentary;24.10.2018;Kirbee Kimmel;$53890119.75
940;State Affairs (Une affaire d'Ã©tat);Thriller;31.12.2010;Rosabelle Deniscke;$53054425.40
941;Stonehearst Asylum;Thriller;28.01.2010;Rem Jacquemy;$19481932.55
942;Christmas with the Kranks;Children|Comedy;30.04.2007;Rubi Philipps;$50318034.60
943;Stuck Between Stations;Comedy|Drama|Romance;11.02.2016;Harli Buss;$42376582.88
944;Silencers, The;Action|Comedy;21.10.2013;Yehudi Lippiello;$47748864.14
945;McCullochs, The;Drama;05.08.2019;Michel Ianitti;$66953967.75
946;SpongeBob Movie: Sponge Out of Water, The;Adventure|Animation|Children|Comedy;30.11.2020;Randi Crowdson;$17769187.07
947;American Pie Presents The Naked Mile (American Pie 5: The Naked Mile);Comedy|Romance;25.07.2018;Sapphira Lambarth;$88114485.13
948;Rio Grande;Romance|Western;01.07.2003;Biddy Hanvey;$13029836.93
949;Big Buck Bunny;Animation|Comedy;08.06.2014;Ingrim Thrasher;$52748336.34
950;Belizaire the Cajun;Drama;03.03.2006;Sondra Roberts;$42438338.54
951;Love Meetings (Comizi d'amore);Documentary;31.01.2018;Yehudi Lippiello;$25096592.03
952;Last Man on Earth, The (Ultimo uomo della Terra, L');Drama|Horror|Sci-Fi;27.11.2009;Ara Arnke;$3480752.35
953;The Dot and the Line : A Romance in Lower Mathematics;Animation|Children|Comedy;31.10.2020;Jerrylee Moncrieffe;$59506404.47
954;Caught;Drama|Thriller;17.08.2012;Ramsey Gummary;$21272880.23
955;I-See-You.Com;Comedy;11.03.2004;Aloysia Bowdery;$43183870.17
956;Puppet Masters, The;Horror|Sci-Fi;08.01.2006;Casar Drysdale;$38278732.27
957;Gorilla at Large;Mystery|Thriller;08.10.2012;Quintus Markson;$53352142.60
958;Johnny Express;Animation|Comedy|Sci-Fi;26.11.2000;Rem Jacquemy;$62945667.94
959;Children of the Corn: Revelation;Horror|Thriller;19.06.2009;Egan Aspel;$83313072.37
960;Night of the Living Dead;Horror;25.12.2011;Alisa Charteris;$6973002.17
961;Fireflies in the Garden;Drama;17.02.2014;Andie Snalum;$97588924.95
962;3:10 to Yuma;Action|Crime|Drama|Western;02.11.2018;Myra Dufaire;$70595516.06
963;Sovereign's Company;Drama;01.11.2011;Ruddy Charkham;$50887102.77
964;Dr. Dolittle;Comedy;19.12.2005;Mable Lapides;$34809203.62
965;Tarzan's Magic Fountain;Action|Adventure|Fantasy|Romance;30.12.2012;Bette Sarson;$51845649.23
966;Sparrows Dance;Drama|Romance;21.05.2005;Tamera Minguet;$89708596.18
967;Zelig;Comedy;25.03.2007;Randi Crowdson;$87578633.34
968;Bullet;Action|Crime|Drama;18.10.2018;Kayley Perot;$10459920.24
969;Paranoia;Drama|Thriller;03.02.2018;Willy Lemmanbie;$85621375.40
970;Kill Me Now;Comedy|Horror;12.10.2000;Devina Challice;$53316832.82
971;Date with Judy, A;Comedy|Musical|Romance;26.10.2003;Imogen Yu;$73040461.77
972;Kommissarie SpÃ¤ck;Comedy;06.12.2018;Tamera Minguet;$56858273.05
973;Martian Child;Comedy|Drama;29.12.2008;Ara Arnke;$3841675.51
974;Adam;Drama|Romance;12.02.2017;Francisca Rowler;$20408655.44
975;Perfect Blue;Animation|Horror|Mystery|Thriller;09.11.2016;Cleavland Vinker;$86061023.88
976;My Friend Irma Goes West;Comedy|Crime|Musical;10.01.2013;Heinrick Guitt;$75928520.12
977;Molokai (Molokai: The Story of Father Damien);Drama;05.09.2020;Nina Agate;$44814251.99
978;Home Sweet Hell;Comedy|Drama;08.05.2012;Brigit Loudiane;$27593259.59
979;Ashik Kerib;Drama|Romance;23.10.2019;Allen Baughn;$84609976.60
980;Ape, The;Horror|Sci-Fi;05.07.2013;Mable Lapides;$44411586.57
981;Think Like a Man Too;Comedy|Romance;02.07.2016;Gabbey Darragon;$1623227.17
982;Night in Casablanca, A;Comedy;23.08.2018;Tiffanie Barstow;$73507612.03
983;Love Punch, The;Comedy;17.08.2011;Keelby Hosten;$79470218.89
984;Beast from 20,000 Fathoms, The;Sci-Fi;15.03.2012;Imogen Yu;$88758524.98
985;Jew SÃ¼ss (Jud SÃ¼ÃŸ);Drama;06.04.2002;Rodolphe McCrie;$18655732.90
986;The Fifth Season;Drama;17.06.2008;Nert Fruchon;$65242765.94
987;Doctor Who: The Time of the Doctor;(no genres listed);26.02.2004;Emmeline Andrei;$51504882.43
988;Speaking of Sex;Comedy|Romance;10.02.2016;Joanna Skellern;$61035930.97
989;Mistress of Spices, The;Romance;15.04.2010;Rodolphe McCrie;$79868251.14
990;Female Prisoner #701: Scorpion (Joshuu 701-gÃ´: Sasori);Crime|Drama|Thriller;21.08.2007;Briano Andriveau;$24442377.68
991;Classmates;Comedy|Drama;28.03.2013;Andie Snalum;$21241596.58
992;Kolmistaan;Drama|Romance;30.04.2008;Jerry Ianno;$2776395.44
993;Play Misty for Me;Drama|Thriller;18.10.2002;Wendeline Shenton;$32286825.01
994;Goofy Movie, A;Animation|Children|Comedy|Romance;11.09.2008;Celestine Simmill;$32425967.24
995;Changing Sides (De l'autre cÃ´tÃ© du lit);Comedy;31.05.2012;Donn Grayland;$27495959.26
996;Enemies: A Love Story;Drama;08.04.2003;Ludovika Obal;$39073074.58
997;Year of the Jellyfish (L'annÃ©e des mÃ©duses);Drama;16.01.2005;Quinta Keepe;$15511134.43
998;Red Psalm (MÃ©g kÃ©r a nÃ©p);Drama|Musical|War;10.06.2007;Thurston Strank;$44965410.92
999;Shouting Fire: Stories from the Edge of Free Speech;Documentary;26.08.2004;Lurline Pottery;$74372839.76
1000;Nothing But the Night;Crime|Horror|Mystery|Thriller;02.09.2020;Jerrylee Moncrieffe;$35077303.28